depth,age,abies,acer,alnus,amaranthaceae,apiaceae,aristolochia,artemisia,asphodelus,asteroideae,berberidaceae,betula,boraginaceae,brassicaceae,buxus,campanulaceae,caryophyllaceae,castanea,centaurea,cichorioideae,convolvulaceae,corydalis,corylus,cyperaceae,ephedra distachya-type,ephedra fragilis-type,epilobium,ericaceae,euphorbiaceae,fabaceae,fagus,fraxinus,galium,genista-type,gentiana,geraniaceae,hedera helix,helianthemum,ilex aquifolium,iridaceae,isoÃ«tes,juglans,juniperus,lamiaceae,liliaceae,linum,lonicera,lotus-type,lygeum spartum,lythrum,malvaceae,myriophyllum,nymphaea,osmunda,papaver,pedicularis,phillyrea,pinus,pistacia,plantago,plumbaginaceae,poaceae,polypodium,populus,potamogeton,potentilla,primulaceae,pteris,quercus (deciduous),quercus (evergreen),ranunculaceae,rhamnus,ribes,rosaceae,rumex,salix,sambucus,sanguisorba,saxifragaceae,scrophulariaceae,sedum,selaginella,solanaceae,sparganium,tamarix,taxus,thymelaea,tilia,trifolium-type,ulmus,urticaceae,utricularia,viburnum
75,5331,31,,1,6,9,,4,,2,,1,,1,1,,2,,1,6,,,1,2,,1,,1,,10,1,,,,,5,2,6,1,,,1,13,1,17,,1,,,,,,3,,,2,,116,,,,117,,,4,,5,,1,4,4,1,,9,,,,,2,2,,,,1,1,1,,,,3,1,,1
87,5426,43,,4,1,6,3,4,,1,,6,1,,,,1,1,,1,,,10,40,1,1,,3,,8,,2,,,,1,1,1,,,,,6,1,11,,,2,,,,2,1,,,4,,91,,1,,79,,,,,,,6,,1,,,5,1,1,,1,1,1,1,,,,2,1,,1,1,,1,,
99,5521,3,,1,9,9,,5,,4,,5,1,,,,1,,1,19,,,7,163,1,1,,,,8,,1,,,,1,5,,,,,,7,4,8,,,,,1,,,,,,4,,72,,,1,31,,,5,,,,14,1,,1,,7,5,,1,,,1,,,,,1,4,,,,1,2,,3
111,5616,4,,3,1,11,2,2,1,1,,4,1,5,,,1,,1,18,,,14,67,,1,,,3,7,,3,1,,,1,1,,,,,,3,2,12,,,,,,,1,,,,3,,74,1,,,57,,,5,,1,,5,1,5,2,,6,2,,1,,,1,1,,,1,3,1,,2,1,3,2,,1
106,5577,9,,5,6,16,,2,,3,,4,,,,,,,,24,,,13,78,,2,,,,4,,,,1,,1,3,,,,,,6,6,6,1,,,,2,,,1,,,4,,94,,2,,50,1,,1,,,,8,1,,1,,3,5,,,,,2,1,,,,1,2,,2,,3,1,,
118,5672,3,,,1,11,,1,,,,4,,,,,,1,,,,,12,57,1,,,,,10,,,,,,1,,,,,,,5,2,5,,,,,,1,3,,,,1,,45,,,,70,,,2,,5,,7,2,,,,3,4,,,,,3,,,,1,1,1,,1,,2,1,,
135,5810,1,,1,2,8,4,2,,2,,11,1,2,1,,,,,9,,,26,90,,1,,,,6,,3,,,,1,1,,,,,,8,10,8,1,,,,,,2,,,,5,,102,2,1,1,14,,4,4,5,,,5,2,2,1,,6,,1,,,,3,2,,,,3,,,1,,6,5,,
123,5711,3,1,2,2,8,1,8,1,2,,8,3,2,,,1,,,15,,,17,83,1,,,,1,8,,4,1,,,,2,2,,,,,15,8,11,2,,,,,,,2,,,4,,61,,,,30,,,2,,,,5,,,2,,10,1,,1,,,,,,,,3,1,,2,,6,3,,3
91,5458,11,1,2,1,3,2,2,,2,,8,1,,,1,,1,,6,,,11,85,1,1,,,,7,,4,,1,,,,,1,,,,2,2,2,1,,4,,,,1,1,,,2,,86,,,,55,,,2,,,,27,,,,,2,1,2,,,,2,1,,,,,3,,,,5,3,,1
130,5768,7,1,,1,2,1,1,,4,,2,,2,2,,,,,15,,,20,71,,,,1,,11,2,,,,,5,,1,1,,,,4,6,10,,,,,1,,,2,,,2,,86,1,,,35,,1,2,,,,5,1,,2,,7,1,,,1,,3,1,,,,3,,,2,,2,5,,1
139,5835,,1,3,4,9,4,1,4,,,13,,,2,1,,,1,8,,,8,16,,1,,,,8,,1,,,,,,,,,,,35,4,16,,,2,,,,2,1,,,1,3,76,2,4,,60,1,1,1,3,4,,11,1,3,,,4,1,1,,,,3,,,,1,3,10,,,,8,2,,2
153,5952,,,1,1,13,8,4,,4,,6,1,,1,,,,,16,,,21,108,,1,,,3,2,,6,,,,,,,,,,,6,7,3,2,,,1,1,,4,,,,3,,92,,1,,19,,,5,,,,27,1,3,,,4,5,3,,,,2,1,,,,3,3,,1,1,9,3,,
163,6027,1,1,1,1,20,,2,,1,,4,,4,1,,2,,,8,,,24,96,2,,,1,,10,1,1,,,,,2,,,,,1,8,6,11,,,1,1,,,5,1,,,,,30,,,,40,,4,3,,5,,5,1,,1,,11,1,5,,,,4,,,,8,7,17,,,,5,,,3
164,6035,,,,,17,,,,,,4,,2,1,,1,,,6,,,24,101,2,,,,,7,,2,,,,,,,,,,,7,,10,,,,,,,4,,,,,,28,1,1,,39,,2,,,,,5,2,,,,8,,4,,,,,,,,1,5,15,,,,4,,,
165,6043,,,,,18,,,,1,,5,,,1,,,,,4,,,27,102,,,,1,,5,1,1,,,,,,,,,,1,9,,9,,,,1,,,3,,,,,,29,,,,38,,,,,,,6,,,,,9,,1,,,,,,,,,4,14,,,,1,,,
167,6059,,,,,11,,,,1,,4,,,1,,,,,,,,31,87,,1,,,,6,,2,,,,,,1,,,,1,10,,11,,,,1,,,1,,,,,,27,,,,37,,2,,,,,8,,,,,5,,1,,,,,,,,58,6,8,,,,1,,,
166,6051,,,1,,10,,,,,,6,,,,,2,,,2,,,28,100,1,,,1,,7,,3,,,,,,,,,,,5,,8,,,,,,,1,,,,,,30,,,,41,,,,,,,5,3,,,,4,,3,,,,,,,,2,5,11,,,,3,,,
169,6075,,,,,3,,6,,,,6,,,2,,2,,,3,,2,36,85,,6,,2,,1,,3,,,,,,3,,,,,14,,11,,,,,,,1,,,,,,32,,,,37,,2,,,,,4,,,,,1,,2,,,,,,,,62,3,7,,,3,2,,,
168,6067,,,1,,7,,2,,,,5,,1,1,,,,,1,,,34,89,,,,1,,2,1,1,,,,,,2,,,,,12,,10,,,,,,,2,,,,,,28,2,,,38,,,,,,,6,2,,,,2,,1,,,,,,,,59,5,9,,,2,3,,,
170,6086,,4,1,,2,3,7,15,1,,6,1,,3,,5,,1,4,,3,39,82,1,9,,1,,1,1,4,16,1,1,,1,4,,,4,1,17,,12,,1,,3,,,2,2,,1,,2,32,2,,1,39,7,3,2,1,5,,5,4,2,1,,1,2,5,2,3,8,,,,,57,1,3,,2,6,7,1,,
171,6093,,1,1,,2,,6,,,,7,,,1,,2,,,3,,1,40,86,,4,,1,,1,,1,,,,,,3,,,,,16,,9,,,,,,,,,,,,,29,1,1,,42,5,,,,,,7,,,,,,,1,,,,,,,,56,3,2,,,4,3,,,
172,6100,,3,1,,2,,8,,,,6,,,,,,,,2,,,37,89,,5,,1,,,,2,,1,,,,2,,,,,14,,8,,,,1,,,1,,,,,,31,,,,38,4,2,,,,,10,3,,,,,,1,,,,,,,,45,2,,,,5,3,,,
173,6107,,3,,,4,,4,,,,7,,,1,,4,,,1,,,35,92,,4,,1,,1,,1,,,,,,1,,,,,12,,7,,,,,,,,,,,,,36,,,,39,5,2,,,4,,11,1,,,,1,,,,,,,,,,60,1,1,,,4,2,,,
174,6114,,2,1,,7,,5,,,,6,,,,,2,,,1,,,33,91,1,4,,,,,1,1,,1,,,,,,,,1,14,,10,,,,2,,,,,,,,,40,,1,,38,7,1,,,2,,12,,,1,,1,,1,,,,,,,,65,,,,,2,3,,,
175,6121,,3,1,,5,,6,,,,8,,1,1,,,,,,,1,30,96,,,,1,,2,,,,,,,,1,,,,,16,,11,,,,4,,,,,,,,,38,,,,40,5,2,,,1,,13,1,,,,,,1,,,,,,,,74,1,2,,,5,3,,,
176,6128,,2,,,8,,7,,,,9,,,,,1,,,3,,5,28,98,1,4,,,,1,,2,,1,,,,,,,,,14,,8,,,,5,,,,,,,,,35,1,,,43,4,1,,,,,14,1,,,,,,,,,,,,,,85,2,1,,,4,2,,,
177,6135,,2,1,,7,,9,,,,10,,,,,1,,,,,4,29,100,,,,1,,1,,1,,1,,,,,,,,,13,,10,,,,7,,,1,,,,,,32,,,,39,7,1,,,,,16,,,,,,,1,,,,,,,,100,3,2,,,3,2,,,
178,6145,1,3,1,1,8,2,10,4,,1,11,1,,,,,,,1,1,7,25,112,1,3,10,1,,,,2,9,2,,,1,1,,1,3,1,15,3,12,,,1,8,,,,1,,,,1,36,1,2,,40,7,2,,1,2,,16,1,2,1,4,,,4,1,4,8,,,,,133,4,2,1,,6,3,3,,
180,6163,,,,,5,,12,,,,11,,,,,,,,,,5,28,110,,,,1,,2,1,,,,,,,,,,,,10,,8,,,,5,,,,,,,,,25,,1,,41,7,1,,,,,15,1,,,,2,,1,,,,,,,,117,4,,,,6,,,,
181,6172,,1,2,,4,,7,,,,10,,,,,,,,,,4,29,109,1,,,,,1,,1,,1,,,,,,,,1,11,,9,,,,4,,,,,,,,,35,,,,44,5,1,,,1,,14,,,1,,1,,1,,,,,,,,109,,,,,5,,,,
179,6154,,1,,,7,,11,,,,12,,1,,,,,,,,,26,111,,,,1,,,,1,,1,,,,,,,,,12,,10,,,,6,,,1,,,,,,30,,,,39,8,2,,,,,17,2,,,,1,,3,,,,,,,,125,,,,,5,1,,,
182,6181,,,1,,5,,9,,,,9,1,,,,,,,1,,,31,110,,,,1,,2,,,,,,,,,,,,,10,,11,,,,3,,,,,,,,,38,,,,40,4,2,,,,,13,1,,,,1,,2,,,,,,,,101,1,1,,,4,,,,
183,6190,,,2,,7,,8,,,,8,,,1,,,,,,,2,30,109,,,,,,3,,1,,,,,,,,,,,9,,8,,,,2,,,1,,,,,,46,1,,,41,2,1,,,,,12,,,,,1,,1,,,,,,,,93,2,,,,2,,,,
184,6199,,,1,,6,,9,,,,7,,,,,,,,,,1,32,100,,,,1,,4,,,,1,,,,,,,,,8,,9,,,,1,,,1,,,,,,48,,,,40,4,3,,,1,,10,1,,,,1,,2,,,,,,,,85,,1,,,4,,,,
185,6208,,1,,,4,,6,,1,,6,1,,,,,,,1,,,25,99,1,,,,,1,,1,,1,,,,,,,,1,10,,10,,,,,,,1,,,,,1,50,,1,,42,5,2,,,,,9,2,,1,,1,,3,,,,,,,,77,1,1,,,2,1,,,
186,6217,,,1,,2,,5,,,,5,1,,1,,,,,,,1,28,107,,,,1,,2,,,,1,,,,,,,,,5,,11,,,,1,,,2,,,,,,51,,,,45,9,1,,,,,8,1,,,,1,,3,,,,,,,,69,1,,,,1,,,,
187,6226,,,,,4,,4,,1,,4,1,,,,,,,1,,,30,100,,,,1,,1,,1,,,,,,,,,,,4,,10,,,,1,,,1,,,,,1,52,1,,,41,7,2,,,,,5,1,,,,1,,4,,,,,,,,61,,1,,,1,,,,
189,6236,1,,1,,1,,3,7,1,,4,,1,1,,1,2,1,1,1,3,32,98,2,,,1,3,1,1,1,5,1,,,1,,,,,2,6,2,11,,,,1,,,2,3,,,,1,50,2,1,,42,12,2,,,2,,6,4,3,1,,1,1,5,1,4,8,,,,,35,4,,,4,,2,,,1
190,6251,,,1,,2,,2,,,,3,,,1,,,1,,5,,,33,97,,,,1,2,2,,,,,,,,,,,,,10,,8,,,,,,,,,,,,,52,,2,,41,10,,,,,,6,,,,,1,,1,,,,,,,,21,2,1,,,,3,,,
191,6266,,,2,,4,,1,,,,7,,,,,,,,7,,2,30,85,1,,,1,1,3,,,,,,,,,,,,1,14,,7,,,,1,,,,,,,,1,48,,1,,43,2,2,,,,,10,1,,,,1,,5,,2,,,,,,20,,,,,1,4,,,1
193,6296,,,4,,5,,1,,,,12,1,,,,,,,10,,,27,83,1,,,,1,2,,1,,,,,,,,,,1,17,,9,,,,,,,,,,,,,51,,7,,42,,1,,,1,,16,1,,1,,,,7,,,,,,,,2,2,1,,,,7,,,
192,6281,,,2,,7,,,,,,10,1,1,,,,1,,9,,1,29,84,,,,1,,4,,,,,,,,,,,,,12,,5,,,,1,,,,,,,,,47,1,,,46,4,1,,,,,12,,,,,,,6,,,,,,,,10,1,1,,,,5,,,
194,6309,,,5,,8,9,1,,,,16,,,,,,,,11,,,25,108,,,,1,3,6,,2,3,,,1,2,,1,,,,18,2,10,,,1,,,,6,1,,,2,,49,,8,,39,,1,4,5,1,,24,2,4,2,,4,3,8,,,1,1,,,,,3,1,,2,,8,,10,1
196,6355,,,1,,5,,5,,,,17,,,,,,,,17,,2,25,158,,,,,,1,,1,,,,,1,,,,,,18,,9,,,,,,,5,,,,,1,52,1,3,,35,,1,,,,,27,,,1,,5,,10,,1,,,,,,,3,,,,,8,,,
195,6332,,,6,,6,,6,,,,18,,,1,,,,,14,,,28,120,,,,,,2,,,,,,,1,,,,,,17,,7,,,,1,,,7,,,,,,50,,5,,37,,,2,,,,28,1,,1,,4,,8,,,,,,,,,2,,,,,7,,,
197,6378,,,2,,4,,6,,,,15,,,,,,,,18,,1,17,142,1,,,1,,7,,,,,,,2,,,,,,16,,8,,,,1,,,4,,,,,,42,,,,33,,,1,,,,25,1,,,,5,,11,,,,,,,,,4,1,,,,6,,,1
199,6401,,,,,7,4,8,,,,14,,,,1,2,1,,19,,4,14,164,,,,,,9,,1,2,,1,,3,,,,,,18,2,8,,,,,1,,3,,,,4,,51,2,1,,30,,,,3,,,24,1,,1,1,6,4,11,,,,3,,,,,4,5,1,,,5,3,,
200,6427,,,1,,9,,7,,,,13,,,,,,1,,15,,2,15,100,,,,1,,9,,,,,,,,,,,,,19,,7,,,,,,,2,,,,,,45,1,,,32,,,7,,,,23,,,,,5,,10,,,,,,,,,2,4,,,,4,,,1
201,6453,,1,1,,10,,6,,,,15,,,1,,,,,10,,1,16,24,1,,,2,,8,,2,,,,,1,,,,,1,21,,8,,,,1,,,1,,,,,,47,,2,,37,,1,5,,,,27,1,,,,4,,8,,1,,,,,,,3,18,,,,5,,,
203,6479,1,2,,2,14,,2,1,,,13,,,,,,,,5,,,17,46,1,,,1,,6,,4,1,,,,1,1,,,,1,20,4,9,,,1,,,,,,,,1,,48,,4,,43,,,11,2,,,30,,7,1,,8,3,9,,,,1,,,,,,20,,2,,8,,,1
204,6497,,,,,12,,1,,,,14,,,,,,,,,,,18,40,,,,1,,5,,,,,,,,,,,,,22,,11,,,,1,,,,,,,,,51,,,,46,,,10,,,,32,,,,,6,,7,,,,,,,,,,17,,,,4,,,
205,6515,,,,,14,,2,,,,13,,,1,,,,,2,,,16,41,1,,,,,7,,,,,,,,,,,,,19,,10,,,,,,,1,,,,,,52,,1,,48,,2,11,,,,29,,,,,5,,5,,1,,,,,,,1,15,,,,3,,,
207,6551,,,1,,8,,1,,,,10,,,1,,,1,,1,,,13,21,1,,,2,,2,,2,,,,,,,,,,,21,,19,,,,,,,1,,,,,,56,,,,53,,1,10,,,,19,,,,,4,,4,,1,,,1,,,,1,11,,,,4,,,
206,6533,,1,,,10,,1,,,,11,,,,,,,,,,,14,45,,,,1,,4,,1,,,,,,,,,,1,22,,14,,,,1,,,,,,,,,48,,,,51,,2,10,,,,20,,,,,6,,6,,,,,1,,,,1,18,,,,2,,,
210,6589,,,1,,8,,,,,,12,,,,,,,,6,,,11,36,,,,3,,5,,,,,,,,,,,,,22,,17,,,,1,,,,,,,,,62,,,,51,,2,8,,,,18,,,,,4,,1,,,,,2,,,,2,7,,,,8,,,
209,6572,7,,2,2,7,11,1,,,,11,1,,,,1,1,,7,,,12,38,1,,,3,,7,,4,,,,1,,1,,,,1,24,4,18,,,,2,,,1,1,1,,2,,68,,1,,54,,3,11,,2,,19,1,,2,,2,3,2,,,,2,4,,,2,2,8,,6,,6,6,,2
211,6606,,,,,9,,1,,,,13,,,1,,,,,8,,,12,34,,,,3,,4,,2,,,,,,,,,,,20,,15,,,,2,,,,,,,,,59,,,,48,,,7,,,,20,,,,,2,,,,1,,,3,,,,1,5,,,,7,,,
212,6623,,2,1,,10,,1,,,,14,,,,,,,,9,,,15,30,1,,,2,,5,,,,,,,,,,,,1,18,,18,,,,,,,1,,,,,,64,,,,45,,,2,,,,22,,,,,3,,1,,,,,1,,,,1,8,,,,6,,,
213,6640,,,,,11,,,,,,15,,,,,,1,,11,,,17,31,,,,1,,7,,1,,,,,,,,,,,17,1,12,,,,,,,1,,,,,,67,,1,,42,,1,1,,,,25,,,,,4,,,,1,,,2,,,,1,5,,,,5,,,
214,6657,,,,,10,,,,,,16,,,1,,,,,9,,,19,21,,,,1,,5,1,,,,,,,,,,,,16,,10,,,,1,,,,,,,,,61,,,,39,,,,,,,28,,,,,2,,,,1,,,1,,,,2,6,,,,8,,,
215,6674,,2,1,,11,,1,,,,17,,,,,,,,10,,,21,19,,,,1,,2,,1,,,,,,,,,,,18,1,16,,,,,,,1,,,,,,68,,,,36,,,,,,,27,1,,,,4,,2,,1,,,,,,,1,7,,,,8,,,
216,6691,,,1,,12,,,,,,18,,,,,,,,11,,,20,10,,,,1,,1,,1,,,,,,,,,,,17,2,13,,,,,,,1,,,,,,70,,1,,33,,1,1,,,,29,,,,,3,,1,,,,,,,,,1,8,,,,9,,,
217,6708,,,,,11,,1,,,,19,,,1,,,,,9,,,18,11,,,,2,,2,,1,,,,,,,,,,,14,4,11,,,,,,,,,,,,,65,,,,30,,,,,,,30,,,,,4,,1,,,,,,,,,1,9,,,,12,,,
218,6725,,1,1,,10,,,,,,20,,,,,,1,,12,,,22,16,,,,1,,1,,2,,,,,1,,,,,1,12,5,10,,,,1,,,1,,,,,,72,,,,37,,,,,,,32,,,,,5,,24,,,,,,,,,2,8,,,,11,,,
219,6742,,,1,,17,,1,,,,21,,,1,,,,,10,,,24,25,,,,3,,2,,1,,,,,,,1,,,,14,2,9,,,,,,,,,,,,,71,,1,,35,,,1,,,,33,1,,2,,4,,3,,1,,,1,,,,1,9,,,,10,,,
220,6759,,,,,15,,1,,,,21,,,,,,,,11,,,23,32,,,,2,,3,,1,,,,,1,,,,,,12,7,7,,,,1,,,1,,,,,,72,,,,40,,1,,,,,35,1,,1,,5,,1,,1,,,1,,,,3,10,,,,13,,,
221,6780,2,1,2,1,19,,3,,1,,22,,,,,,,,13,,,24,40,1,,,3,,4,1,3,,,,,1,,1,,,,13,8,8,,,,,,,2,,,,1,,74,,1,,42,,2,11,3,2,,37,1,1,4,,6,2,3,,,,6,3,,,,5,10,,1,,14,1,,4
222,6799,,,1,,18,,2,,1,,23,,,,,,,,11,,,25,41,,,,2,,3,,,,,,,,,,,,,11,5,9,,,,,,,,,,,,,70,,,,38,,,1,,,,39,,,3,,5,,1,,,,,2,,,,2,12,,1,,15,,,
223,6818,,,2,,20,,1,,,,20,,,1,,,,,12,,,24,46,,,,1,,2,,2,,,,,1,,,,,,12,2,11,,,,1,,,1,,,,,,67,,1,,36,,1,1,,,,38,1,,2,,4,,,,,,,1,,,,4,10,,,,8,,,
225,6856,,1,1,,22,,1,,,,14,,,,,,,,10,,,18,52,,,,,,4,,1,,,,,1,,,,,,11,,7,,,,,,,1,,,,2,,62,,,,35,,,4,,,,30,,,,,4,,1,,,,,,,,,,15,,,,6,,,
224,6837,,1,2,,21,,2,,1,,19,,,,,,,,11,,,23,48,1,,,,,1,1,,,,,,,,1,,,1,10,1,14,,,,,,,,,,,,,60,,,,31,,,1,,,,35,,,,,5,,,,,,,1,,,,1,11,,,,7,,,
226,6875,,,2,,18,,3,,1,,11,,,1,,,,,9,,,15,60,,,,,,2,,1,,,,,2,,1,,,,12,1,16,,,,1,,,2,,,,1,,56,,1,,34,,1,5,,,,29,1,,,,3,,,,1,,,,,,,2,12,,,,8,,,
227,6894,,1,2,1,20,,3,3,1,,10,1,1,,,1,2,,8,,,12,65,,1,,1,3,,,1,3,,,,3,,,2,,,9,3,18,,,,,,,3,1,,,6,,53,,1,,38,,1,6,5,2,,25,1,,2,,5,4,1,,,,1,,,,1,2,14,,1,,9,4,,6
228,6915,,,1,,19,,2,,,,9,,,,,,,,3,,,10,68,,,,,,1,,,,,,,,,1,,,,10,,16,,,,,,,1,,,,4,,62,,,,32,,,3,,,,20,,,,,4,,,,,,,,,,,1,8,,,,10,,,
229,6936,,,1,,17,,1,,1,,12,,,1,,,,,5,,,12,71,1,,,,,1,,1,,,,,4,,,,,,11,,12,,,,1,,,2,,,,2,,64,,,,26,,1,4,,,,19,,1,1,,5,,1,,,,,,,,,1,7,,,,11,,,
230,6957,,1,,,15,,,,,,18,,,,,,,,3,,,13,72,,,,,,,,,,,,,4,,,,,,14,,11,,,,,,,1,,,,1,,78,,,,20,,,5,,,,18,1,,,,4,,,,,,,,,,,1,8,,,,12,,,
231,6978,,,1,,11,,1,,1,,21,,,1,,,,,2,,,15,76,,,,,,1,,1,,,,,6,,,,,,16,,10,,,,,,,1,,,,,,77,,,,14,,,8,,,,15,,,1,,4,,,,,,,,,,,,6,,1,,18,,,
234,7020,,1,2,,11,,1,,,,26,,,1,,,,,5,,,18,77,,,,,,1,,,,,,,2,,,,,,15,,14,,,,,,,1,,,,,,88,,,,17,,,10,,,,21,2,,,,4,,,,,,,,,,,2,7,,,,21,,,
232,6999,,,,,10,,,,,,25,,,,,,,,4,,,17,74,1,,,,,2,,,,,,,5,,1,,,,14,,12,,,,1,,,1,,,,,,84,,,,16,,1,7,,,,19,,1,,,5,,1,,,,,,,,,1,5,,,,19,,,
238,7080,,,1,2,16,,2,,1,,31,,,,,,,,10,,,21,89,,2,,,,3,,,,,,1,11,,1,,,,17,1,12,,,1,,,,4,,,,4,,105,,,,18,1,,11,,,,22,3,3,,,3,4,2,,,,3,,,,,5,1,,3,1,26,2,,5
235,7041,,,2,,12,,,,1,,28,,,,,,,,7,,,19,78,1,,,,,2,,1,,,,,1,,,,,,14,,11,,,,,,,1,,,,,,92,,,,15,,,8,,,,20,,,1,,3,,,,,,,,,,,3,8,,,,21,,,
237,7062,,,1,,15,,1,,,,30,,,,,,,,9,,,20,82,,,,,,2,,,,,,,7,,1,,,,15,,10,,,,1,,,2,,,,,,90,,,,17,,1,9,,,,21,1,1,,,4,,1,,,,,,,,,4,7,,,,23,,,
240,7103,,1,1,,17,,1,,,,32,,,,,,,,7,,,25,75,,,,,,2,,,,,,,,,1,,,,18,,10,,,,,,,2,,,,,,70,,,,19,,,9,,,,21,,,1,,2,,,,,,,,,,,3,2,,,,21,,,
241,7126,,,,1,15,,1,,,,28,,1,1,,,,,5,,,24,65,1,,,,,1,,1,,,,,1,,1,,,,14,,9,,,,2,,,,,,,,,40,,,,21,,1,8,,,,20,2,1,,,4,,2,,,,,,,,,4,4,,,,20,,,
243,7149,,1,1,,14,,2,,,,15,,2,,,,,,2,,,26,43,,,,,,4,,,,,,,1,,,,,,12,2,8,,,,,,,1,,,,,,35,,,,20,,,4,,,,19,,2,,,2,,1,,,,,,,,,1,3,,1,,17,,,
245,7196,,,,3,11,,5,,,,6,,5,1,,1,,,,,,28,17,,,,,,5,,2,,,,,1,2,1,,,1,14,10,13,,,,3,,,,,,,1,,45,,1,,22,,,5,,4,,15,1,,,,4,,,,,,1,,,,,2,5,,1,,7,,,
244,7172,,,1,2,13,,3,,,,10,,4,,,,,,1,,,25,25,,,,,,2,,1,,,,,1,,,,,,11,5,10,,,,1,,,,,,,,,41,,,,21,,,2,,,,18,1,1,1,,3,,,,,,,,,,,1,4,,,,11,,,
246,7213,,,,,12,,4,,,,3,,3,,,,,,,,,27,19,,,,,,2,,,,,,,,,,,,,13,8,10,,,,1,,,1,,,,,,52,,1,,17,,,4,,,,13,,,,,4,,,,,,,,,,,1,2,,,,9,,,
247,7230,,,,2,11,,3,,,,10,,2,,,,,,,,,25,21,,,,,,1,,1,,,,,,,1,,,,15,9,11,,,,,,,,,,,,,41,,,,18,,,2,,,,15,,1,1,,3,,,,,,,,,,,1,4,,,,11,,,
248,7247,,,1,,10,,5,,,,13,,1,1,,,,,,,,21,25,1,,,,,2,,,,,,,1,,,,,,14,10,10,,,,1,,,1,,,,,,68,,1,,16,,,1,,,,17,1,1,,,2,,1,,,,,,,,,,1,,,,12,,,
249,7264,,,,1,9,,4,,,,15,1,,,,,,,2,,,20,20,,,,,,4,,1,,,,,1,,,,,,15,11,9,,,,,,,,,,,,,72,,,,21,,,1,,,,18,,,,,4,,,,,,,,,,,1,2,,,,9,,,
250,7281,,,1,,10,,3,,,,17,,,,,,,,,,,23,17,,,,,,1,,,,,,,1,,,,,,13,9,8,,,,,,,1,,,,,,81,,1,,23,,,1,,,,20,,1,1,,3,,1,,,,,,,,,,4,,,,11,,,
251,7298,,,,1,11,,5,,,,24,1,1,,,,,,1,,,26,10,1,,,,,2,,,,,,,,,1,,,,12,5,7,,,,1,,,,,,,,,79,,,,18,,1,,,,,21,1,,,,2,,1,,,,,,,,,1,5,,,,10,,,
252,7315,,,1,1,14,,4,,,,27,,,1,,,,,3,,,27,2,,,,,,1,,,,,,,1,,,,,,10,4,5,,,,,,,1,,,,,,84,,,,19,,,1,,,,20,,,,,4,,1,,,,,,,,,2,2,,,,12,,,
254,7349,,,,1,14,,5,,,,41,1,,,,,,,2,,,25,8,,,,,,1,,,,,,,,,,,,,10,,6,,,,1,,,,,,,,,98,,,,22,,,2,,,,18,,,,,4,,,,,,,,,,,1,2,,5,,16,5,,
255,7366,,,1,,12,,2,,,,45,,,1,,,,,1,,,27,9,1,,,,,1,,1,,,,,,,1,,,,9,1,4,,,,,,,1,,,,,,97,,1,,24,,1,4,,,,22,1,,,,3,,,,,,,,,,,2,1,,4,,18,3,,
256,7383,,,1,,11,,1,,,,48,2,,,,,,,4,,,28,2,,,,1,,3,,1,,,,,,,,,,,10,,5,,,,,,,1,,,,,,115,,,,19,,,5,,,,21,,1,1,,2,,1,,,,,,,,,4,1,,7,,21,4,,
253,7332,,,,,15,,3,,,,36,,1,,,,,,4,,,21,10,,,,,,,,1,,,,,,,,,,,11,2,2,,,,,,,1,,,,,,95,,1,,17,,,1,,,,19,,1,1,,4,,,,,,,,,,,1,2,,6,,14,,,
257,7404,,,,1,13,,5,,,,49,3,,,,,,,5,,,27,33,,,,3,,4,,,,,,1,1,,1,,,,8,1,5,,,,,,,3,,,,2,,129,,1,,19,,,6,,,,20,2,2,1,,3,1,,,,,5,2,,,,6,3,,8,,22,6,,2
259,7554,,,,1,10,,2,,,,47,1,,,,,,,3,,,26,1,,,,,,,,2,,,,,,,1,,,,14,,3,,,,1,,,1,,,,,,135,,,,23,,,2,,,,25,1,1,,,4,,1,,,,,,,,,5,1,,,,21,2,,
258,7549,,,1,,12,,4,,,,50,,,,,,,,4,,,28,2,,,,2,,2,,,,,,,,,,,,,11,,4,,,,,,,2,,,,,,130,,1,,21,,,4,,,,23,,,,,2,,,,,,,,,,,4,2,,,,24,4,,
260,7559,,,1,,11,,3,,,,44,,,,,,,,1,,,25,,1,,,1,,1,,,,,,,,,1,,,,16,,2,,,,,,,,,,,,,115,,1,,27,,3,1,,,,26,,,,,2,,,,,,,,,,,,,,2,,18,1,,
261,7564,,,,1,12,,1,,,,40,,,,,,,,,,,20,1,,,,,,1,,,,,,,1,,,,,,17,,1,,,,,,,1,,,,,,120,,,,31,,,,,,,30,,1,1,,3,,1,,,,,,,,,2,2,,,,17,,,
262,7569,,,1,1,14,,1,,,,38,1,,,,,,,1,,,18,,,,,,,,,1,,,,,,,1,,,,16,,1,,,,1,,,,,,,,,104,,,,35,,2,1,,,,32,,1,1,,2,,,,,,,,,,,1,4,,1,,18,1,,
264,7574,,,,,5,,2,,,,37,,,,,,,,1,,,16,1,1,,,1,,1,,,,,,,,,,,,,15,,2,,,,,,,1,,,,,,110,,2,,37,,,,,,,34,1,2,,,4,,1,,,,,,,,,,5,,,,15,,,
266,7579,,,,,4,,4,,,,36,1,,,,,,,2,,,15,1,,,,,,,,1,,,,,1,,,,,,18,,2,,,,1,,,,,,,,,98,,2,,40,,1,1,,,,36,,3,1,,4,,,,,,,,,,,1,6,,1,,14,1,,
267,7587,,1,2,1,6,,6,2,,,34,,,,,1,,,2,,,13,17,1,,,1,,3,,1,1,,,,2,2,,,,,21,3,4,,,,,1,,,,,,3,,95,,4,,41,,5,2,,,,37,1,4,1,,5,,1,,,,,2,,,1,4,7,,2,,16,5,,
269,7606,,,,1,5,,5,,,,33,,,,,,,,1,,,10,12,,,,,,,,,,,,,,,1,,,,23,,3,,,,,,,,,,,,,84,,3,,41,,,,,,,38,,,1,,5,,,,,,,,,,,,8,,,,18,4,,
273,7664,,1,,1,2,,3,,,,37,,,,,,,,1,,,17,15,,1,,,,,,,,,,,,,,,,,31,,,,,,,,,,,,,,,92,,,,49,,,1,,,,32,,,1,,2,,,,,,,,,,,1,6,,1,,19,,,
270,7626,,,,,4,,5,,,,34,1,,,,,,,,,,12,10,,1,,,,1,,1,,,,,,,1,,,,21,,2,,,,1,,,1,,,,,,80,,1,,43,,,1,,,,36,1,,,,5,,,,,,,,,,,4,7,,,,19,2,,
272,7655,,,,,4,,2,,,,36,,,,,,,,,,,16,14,3,,,,,1,,1,,,,,,,1,,,,28,,,,,,,,,1,,,,,,71,,1,,47,,,,,,,34,,,,,2,,1,,,,,,,,,,4,,3,,20,1,,
271,7645,,,1,1,2,,4,,,,35,,,,,,,,1,,,13,11,,,,,,,,,,,,,,,,,,,22,,1,,,,,,,1,,,,,,89,,,,45,,2,1,,,,35,,,,,4,,,,,,,,,,,,5,,,,21,,,
274,7684,,,1,,1,,4,,,,38,,,1,,,,,1,,,19,10,1,,,,,2,,,,,,,,,1,,,,33,,1,,,,,,,1,,,,,,95,,,,44,,,2,,,,30,1,,,,3,,,,,,,,,,,,5,,,,24,2,,
275,7703,,,1,1,7,,2,,,,38,1,,,,,,,1,,,20,11,1,,,1,,3,,1,,,,,,,,,,,35,,,,,,1,,,1,,,,,,100,,1,,41,,1,4,,,,29,,,,,2,,,,,,,,,,,1,4,,1,,27,6,,
277,7722,,,,1,8,,4,,,,37,,,,,,,,2,,,25,12,2,,,1,,2,,,,,,,1,,,,,,36,,1,,,,,,,1,,,,,,135,,,,40,,,5,,,,27,2,,,,4,,,,,,,,,,,2,7,,2,,29,8,,
278,7780,,1,1,2,11,,2,,,,39,1,,1,,,,,2,,,29,10,,1,,,,4,,,,,,,,,,,,,37,,1,,,,,,,,,,,,,145,,1,,45,,,7,,,,28,4,,,,2,,,,,,,,,,,1,5,,4,,34,10,,
279,7800,,,,3,10,,3,,,,40,,,,,,,,1,,,32,10,,,,,,6,,1,,,,,,,,,,,40,,,,,,,,,2,,,,,,160,,,,48,,1,8,,,,29,6,,,,3,,1,,,,,,,,,,7,,7,,38,11,,
281,7819,2,,,4,12,,2,1,,,41,,,,,1,,1,3,,,34,13,,,,1,,7,,1,,,,1,1,,,,,,43,3,1,,,,,,,3,,,,2,,170,,1,,53,,1,12,,1,,24,8,,,,5,2,,,,,,,,,,4,6,,7,,44,11,,
285,7890,,,,2,10,,1,,2,,43,1,,,,,,,1,,,36,19,,,,1,,4,,2,,,,,,,,,,,41,,2,,,,1,,,1,,,,,,160,,1,,36,,2,1,,,,22,1,,,,2,,1,,,,,,,,,3,4,,4,,41,9,,
287,7907,,,2,1,8,,,,,,45,,,,,,,,2,,,35,19,,1,,,,7,,1,,,,,,,1,,,,32,,1,,,,,,,1,,,,,,145,,,,30,,,1,,,,21,,,1,,4,1,,,,,,,,,,1,1,,,,38,8,,
283,7838,,,1,,11,,1,,1,,41,,,1,,,,,3,,,37,18,,1,,,,5,,,,,,,,,1,,,,45,,1,,,,,,,2,,,,,,158,,,,42,,,,,,,25,,,,,4,,,,,,,,,,,2,5,,,,40,10,,
288,7931,,,2,,4,,1,,1,,47,,,,,,,,2,,,33,24,,,,,,6,,,,,,,,,,,,,30,,4,,,,1,,,1,,,,,,151,,,,24,,,,,,,20,2,,,,3,2,1,,,,,,,,,1,4,,3,,36,,,
289,7955,,,1,1,6,,1,,1,,48,1,,,,,,,4,,,34,25,,,,1,,5,,1,,,,,,,1,,,,21,,7,,,,,,,,,,,,,142,,1,,21,,1,,,,,19,1,,,,2,,2,,,,,,,,,,5,,2,,34,7,,
290,7979,,,2,,9,,1,,1,,49,,,1,,,,,5,,,32,29,,,,,,6,,,,,,,,,,,,,18,,6,,,,,,,1,,,,,,125,,,,17,,,1,,,,15,3,,,,4,,,,,,,,,,,2,1,,,,21,5,,
291,8003,,,2,,12,1,1,,,,50,,,,,,,,7,,,33,33,,,,,1,6,,1,1,,,,1,,,,,,15,6,8,,,,,,,2,,,,2,,139,,2,,16,,1,2,,,,14,4,1,1,,5,1,2,,,,3,2,,,,4,,,1,,16,5,,
292,8020,,,1,1,10,,1,,1,,51,1,,,,,,,6,,,34,30,,,,1,,4,,,,,,,,,1,,,,17,,7,,,,,,,1,,,,,,141,,,,14,,,,,,,13,3,,,,,,,,,,,,,,,3,,,,,18,4,,
293,8037,,,,,8,,,,,,49,,,1,,,,,4,,,30,28,,,,,,2,,1,,,,,1,,,,,,10,,5,,,,,,,,,,,,,128,,1,,12,,2,,,,,10,2,,,,4,,1,,,,,,,,,,,,1,,17,2,,
294,8054,,,1,1,7,,1,,1,,48,1,,,,,,,5,,,28,25,,1,,,,4,,,,,,,,,,,,,11,,1,,,,,,,1,,,,,,132,,,,15,,,,,,,11,,,1,,,,,,,,,,,,,1,,,,,19,1,,
295,8071,,,,1,5,,,,,,47,,,1,,,,,3,,,33,20,,,,,,3,,1,,,,,,,1,,,,14,,4,,,,,,,1,,,,,,130,,,,12,,,,,,,12,1,,,,2,,,,,,,,,,,,,,,,22,,,
296,8088,,,,,4,,1,,,,48,,,,,,,,2,,,32,15,,,,1,,5,,,,,,,1,,,,,,12,,7,,,,,,,1,,,,,,128,,1,,11,,,,,,,10,,,,,,,1,,,,,,,,,,,,,,23,1,,
297,8105,,,,,6,,1,,1,,46,,,,,,,,1,,,34,10,,,,,,2,,1,,,,,,,,,,,11,,5,,,,,,,2,,,,,,130,,2,,10,,2,,,,,12,,,1,,1,,,,,,,,,,,,,,1,,25,,,
299,8139,,,,,2,,,,,,48,,,,,,,,2,,,36,14,,,,1,,2,,,,,,,1,,,,,,8,,1,,,,,,,1,,,,,,150,,1,,11,,,,,,,13,,,,,,,1,,,,,,,,,,,,,,24,1,,
298,8122,,,1,,8,,1,,1,,45,1,,1,,,,,1,,,34,18,,1,,,,3,,,,,,,,,1,,,,7,,2,,,,,,,1,,,,,,135,,,,12,,,,,,,11,1,,,,4,,1,,,,,,,,,,,,,,27,1,,
301,8173,,,,,3,,1,,1,,51,,,,,,,,3,,,31,11,,,,,,1,,,,,,,1,,,,,,10,,8,,,,,,,1,,,,,,160,,,,15,,1,4,,,,14,2,,1,,1,,,,,,,,,,,1,,,1,,31,1,,
302,8191,,,1,,4,,,,,,50,1,,,,,,,2,,,30,19,,,,1,,1,,,,,,,,,1,,,,8,,9,,,,,,,2,,,,,,152,,1,,16,,1,5,,,,16,1,,,,,,,,,,,,,,,2,,,,,30,,,
303,8211,,,1,1,6,,2,,,,51,,1,1,,,,,4,,,33,26,,,,,2,2,,1,,,,,1,,,,,,9,2,10,,,,,,,4,,,,1,,174,,3,,14,,,7,,,,15,2,1,2,,2,1,,,,,2,5,,,,4,,,1,,33,1,,1
300,8156,,,1,,1,,1,,,,50,,,,,,,,2,,,32,10,,1,,,,1,,1,,,,,,,,,,,11,,7,,,,,,,,,,,,,141,,1,,13,,1,1,,,,15,1,,,,2,1,1,,,,,,,,,1,,,,,29,,,
305,8249,,,,,3,,,,,,54,1,,1,,,,,1,,,35,18,,1,,,,2,,,,,,,,,,,,,12,,8,,,,,,,,,,,,,157,,2,,11,,1,,,,,17,,,1,,,3,,,,,,,,,,1,,,,,38,4,,
304,8230,,,1,,4,,1,,2,,52,,,,,,,,3,,,32,20,,,,,,2,,,,,,,,,1,,,,11,,9,,,,,,,2,,,,,,161,,,,10,,,1,,,,14,1,,,,,,,,,,,,,,,3,,,,,35,,,
306,8268,,,1,,2,,1,,1,,62,,,,,,,,,,,40,14,,,,,,1,,,,,,,,,1,,,,11,,7,,,,,,,1,,,,,,143,,,,12,,,,,,,16,1,,,,1,2,1,,,,,,,,,2,,,1,,41,2,,
308,8306,,,,1,2,,1,,1,,75,1,,,,,,,,,,49,11,,,,,,,,,,,,,,,,,,,17,,4,,,,,,,2,,,,,,96,,,,10,,,,,,,20,,,,,,,1,,,,,,,,,,,,,,41,,,
307,8287,,,,,4,,1,,,,72,,,,,,,,1,,,43,10,,,,1,,1,,,,,,,1,,,,,,14,,5,,,,,,,1,,,,,,121,,1,,15,,,1,,,,18,,,,,,,,,,,,,,,,,,,,,45,1,,
309,8325,,,,,5,,1,,,,82,,,1,,,,,,,,59,15,,,,1,,1,,,,,,,1,,,,,,21,,7,,,,,,,,,,,,,84,,1,,8,,1,1,,,,21,1,,,,1,,1,,,,,,,,,1,,,,,47,1,,
311,8363,,,,1,3,,,,,,88,,,1,,,,,1,,,66,12,,,,,,,,,,,,,1,,,,,,22,,4,,,,,,,1,,,,,,65,,,,7,,1,1,,,,26,2,,,,,,1,,,,,,,,,2,,,1,,52,1,,
310,8344,,,,1,4,,,,1,,86,,,,,,,,,,,64,14,,1,,,,1,,,,,,,,,,,,,18,,8,,,,,,,1,,,,,,78,,,,9,,,,,,,23,,,1,,,,,,,,,,,,,1,,,,,49,,,
313,8401,,,1,1,4,,,,1,,102,,,,,,,,,,,79,14,,,,,,2,,,,,,,,,1,,,,23,,7,,,,,,,4,,,,,,62,,,,9,,,,,,,31,1,,1,,,,,,,,,,,,,1,,,,,60,1,,
312,8382,,,,,2,,1,,1,,95,1,,,,,,,,,,73,13,,1,,1,,1,,,,,,,,,,,,,24,,5,,,,,,,2,,,,,,58,,1,,8,,,,,,,27,1,,,,1,,,,,,,,,,,1,,,,,57,2,,
315,8419,,,1,1,6,,1,,,,106,,,,,,,,,,,80,14,,1,,,,3,,,2,,,,,,,,,,26,3,3,,,,,,,5,,,,,,52,2,1,,7,,,3,1,,,32,3,,4,,,1,1,,,1,1,,,,,5,,,2,,65,5,,
317,8453,,,2,,8,,1,,,,97,1,,,,,,,1,,,80,18,,1,,,,1,,,,,,,,,,,,,28,2,1,,,,,,,2,,,,,,65,,1,,18,,1,,,,,30,1,,,,4,,,,,,,,,,,,,,,,57,1,,
316,8436,,,,1,7,,1,,,,109,,,,,,,,,,,83,17,,,,1,,2,,,,,,,,,,,,,27,4,2,,,,,,,1,,,,,,61,,,,10,,,,,,,31,2,,,,2,,,,,,,,,,,3,,,,,34,,,
318,8470,,,1,2,6,,,,1,,85,,1,,,,,,,,,78,19,,,,1,,2,,,,,,,,,,,,,29,1,7,,,,,,,1,,,,,,97,,,,24,,,,,,,28,1,,,,3,,,,,,1,,,,,1,1,,,,46,1,,
319,8487,,,,1,5,,,,1,,76,,,1,,,,,1,,,65,20,,1,,,,1,,,,,,,,,,,,,30,4,5,,,,,,,1,,,,,,101,,,,26,,,,,,,27,,,1,,2,1,1,,,,2,,,,,,,,,,34,,,
320,8504,,,1,,7,,1,,1,,70,1,2,1,,,,,1,,,59,22,,,,1,,4,,,,,,,,,,,,,31,2,7,,,,,,,,,,,,,118,,1,,28,,1,,,,,25,1,,,,4,,,,,,,,,,,1,1,,,,25,1,,
321,8521,,,3,1,11,,1,,2,,65,,1,,,,,,2,,,48,20,,1,,,,2,,,,,,,,,,,,,32,5,5,,,,,,,1,,,,,,122,,,,32,,,,,,,22,,,1,,2,,,,,,1,,,,,,,,,,18,,,
322,8535,,,4,1,13,,2,,3,,52,,5,,,,,,4,,,37,21,,1,,,,5,,,1,,,1,,1,,1,,,33,6,7,,,2,,,,2,,,,,,120,,2,,35,,1,1,,,,20,1,,1,,3,2,1,,,,4,2,,,,3,1,,,,16,1,,
325,8589,,,1,1,9,,4,,1,,57,,,,,,,,,,,48,18,,,,,,4,,,,,,,,,,,,,24,,4,,,1,,,,1,,,,,,126,,,,30,,1,,,,,20,7,,,,7,,,,,,,,,,,1,,,,,18,2,,
323,8553,,,2,1,12,,3,,3,,47,,3,1,,,,,2,,,31,20,,1,,,,6,,,,,,,,,,,,,35,,6,,,,,,,,,,,,,118,,,,36,,,,,,,16,,,1,,4,2,,,,,2,,,,,2,,,,,14,,,
324,8571,,,2,,10,,5,,2,,56,1,2,1,,,,,1,,,46,14,,1,,1,,5,,1,,,,,,,,,,,27,,5,,,,,,,1,,,,,,121,,1,,32,,,,,,,17,6,,,,5,,1,,,,3,,,,,,,,,,12,1,,
326,8607,,,,,8,,2,,1,,59,1,1,,,,,,1,,,59,17,,,,1,,5,,1,,,,,,,,,,,18,,3,,,,,,,1,,,,,,109,,1,,28,,,,,,,21,8,,,,4,1,,,,,,,,,,,1,,,,18,3,,
328,8643,,1,1,1,4,,6,,1,,68,,,,,,,,,,,75,21,,1,,1,,8,,,,,,,3,,,,,,22,,4,,,1,,,,,,,,,,103,4,,,24,,,,,,,25,7,,,,4,,1,,,,,,,,,1,,,,,21,4,,
327,8625,,,1,,7,,5,,,,63,,,2,,,,,,,,67,10,,1,,,,6,,,,,,,1,,,,,,17,1,2,,,,,,,1,,,,,,114,,,,29,,,,,,,23,10,,1,,2,2,,,,,1,,,,,,,,,,17,,,
329,8661,,,,,8,,5,,1,,71,,1,,,,,,1,,,80,10,,,,,,12,,1,,,,,2,,,,,,20,,1,,,,,,,1,,,,,,100,2,1,,28,,1,,,,,24,12,,,,7,,,,,,,,,,,,1,,,,24,1,,
330,8679,,,,,11,,7,,,,73,,,1,,,,,,,,89,9,,1,,,,15,,,,,,,4,,,,,,19,1,4,,,1,,,,,,,,,,94,3,,,34,,,,,,,22,15,,1,,9,1,,,,,1,,,,,1,,,,,26,2,,
332,8699,1,2,,1,13,,8,,,,70,,,,,1,,,,,,98,,1,2,,1,,17,1,2,,,,1,5,1,,,,,21,2,4,,,,,,,1,,,,2,,91,5,,,37,,1,2,,3,,24,18,,1,,12,,1,,,,2,,,,,2,2,,1,,25,4,,2
333,8730,,,,,9,,8,,1,,72,,,,,,,,,,,116,2,,,,,,17,,,,,,,3,,,,,,25,3,4,,,,,,,,,,,,,96,2,,,39,,,,,,,27,19,1,,,8,,,,,,,,,,,1,,,,,24,,,
334,8760,,,,1,10,,7,,,,71,,,,,,,,,,,100,1,,1,,,,15,,1,,,,,2,,,,,,29,,3,,,,,,,,,,,,,88,,,,35,,,,,,,25,17,,1,,9,,,,,,,,,,,,,,,,20,,,
335,8791,,,,,12,,5,,,,68,,,1,,,,,,,,90,3,,1,,,,16,,,,,,,,,,,,,33,2,2,,,,,,,,,,,,,85,1,,,41,,,,,,,23,19,1,,,11,,,,,,,,,,,,,,,,23,,,
337,8852,,,,1,11,,8,,1,,71,,,,,,,,1,,,80,3,,,,,,15,,1,,,,,1,,,,,,41,,8,,,,,,,,,,,,,90,,,,32,,,,,,,20,18,,1,,8,,,,,,,,,,,,1,,,,18,,,
336,8821,,,,,12,,6,,,,64,1,,,,,,,,,,87,1,,1,,,,17,,,,,,,,,,,,,37,,5,,,,,,,,,,,,,91,,,,38,,1,,,,,22,20,2,,,10,1,,,,,,,,,,,,,,,21,,,
339,8913,,,,,10,,5,,1,,65,,,1,,,,,,,,70,1,1,,,,,12,,,,,,,,,,,,,37,,8,,,,,,,,,,,,,82,2,,,29,,,,,,,24,21,4,,,5,,,,,,,,,,,,,,,,19,,,
338,8883,,,,,10,,9,,,,73,,,,,,,,1,,,75,2,,1,,,,17,,,,,,,,,,,,,39,1,7,,,1,,,,,,,,,,85,,,,30,,,,,,,25,20,2,,,7,,,,,,,,,,,,,,,,17,,,
340,8944,,,,2,11,,4,,,,63,1,,,,,,,,,,74,3,,,,,,12,,2,,,,,1,,,,,,35,1,9,,,,,,,,,,,,,97,,,,25,,,,,,,22,19,5,,,8,,,,,,,,,,,,,,,,21,,,
341,8975,,,,,8,,8,,,,78,,,1,,,,,,,,80,2,,,,,,11,,,,,,,,,,,,,33,,10,,,1,,,,,,,,,,93,,,,27,,,,,,,22,21,3,1,,7,,,,,,,,,,,,,,,,17,,,
342,9005,,,,,9,,10,,,,75,,,,,,,,1,,,85,1,,,,,,11,,,,,,,,,,,,,31,,9,,,,,,,,,,,,,90,,,,29,,,,,,,21,22,2,,,5,,,,,,,,,,,,1,,,,15,,,
343,9036,,,,1,7,,9,,,,72,,,,,,,,,,,84,4,,,,,,10,,1,,,,,,,,,,,29,,8,,,,,,,,,,,,,91,1,,,26,,1,,,,,20,20,1,,,7,,,,,,1,,,,,,1,,,,18,,,
344,9066,,,,,8,,11,,1,,65,,,1,,,,,,,,89,1,1,,,1,,10,,2,,,,,,,,,,,27,1,7,,,,,,,,,,,,,100,,,,28,,,,,,,22,15,5,,,4,,,,,,,,,,,1,2,,,,12,,,
345,9097,,2,,,9,,9,,,,70,,,,,,,,,,,90,2,,1,,1,,12,,,,,,,,,,,,,25,,7,,,1,,,,,,,,,,105,2,,,24,,,,,,,21,10,4,,,8,,,,,,1,,,,,,1,,,,17,,,
346,9128,,,1,1,8,,10,,,,69,1,,,,,,,1,,,92,2,,,,,,11,,,,,,,,,,,,,23,,8,,,1,,,,,,,,,,117,,,,21,,,,,,,20,11,7,,,5,,,,,,,,,,,,,,,,13,,,
347,9158,,,,,5,,11,,,,68,,,,,,,,,,,93,,,,,,,10,,,,,,,,,,,,,21,,8,,,,,,,,,,,,,98,1,,,20,,,,,,,19,9,8,,,2,,,,,,1,,,,,,,,,,11,,,
348,9189,,,1,2,7,,8,,1,,67,,,,,,,,,,,95,,,,,1,,11,,1,,,,,,,,,,,19,,9,,,,,,,,,,,,,87,,,,22,,,,,,,21,7,4,,,7,,,,,,,,,,,,1,,,,10,,,
350,9219,,,1,,9,,7,,,,65,,,,,,,,,,,96,,,,,,,8,,,,,,,,,,,,,17,,9,,,,,,,1,,,,,,90,,,,23,,,,,,,20,11,5,,,5,,,,,,,,,,,,,,,,8,,,
351,9250,,,,1,8,,9,,,,67,,,,,,,,1,,,98,1,1,,,,,9,,2,,,,,,,,,,,21,,10,,,,,,,,,,,,,78,,,,20,,,,,,,20,12,3,,,4,,,,,,1,,,,,1,,,,,9,,,
352,9281,,2,,,8,,4,,1,,70,,,,,,,,,,,100,1,1,,,,,8,,1,,,,,,,,,,,25,,11,,,,,,,,,,,,,87,,,,19,,,,,,,17,10,2,,,6,,1,,1,,,,,,,,1,,,,7,,,
353,9311,,,1,2,10,,5,,,,71,,,,,,,,,,,102,1,1,,,,,7,,,,,,,,,,,,,29,,16,,,,,,,,,,,,,91,,,,19,,,,,,,21,8,2,,,5,,,,,,,,,,,1,,,,,10,,,
354,9342,,1,,1,10,,6,,,,72,1,,,,,,,,,,98,,1,,,1,,10,,,,,,,,,,,,,33,,11,,,,,,,,,,,,,88,,,,21,,,,,,,23,12,2,,,4,,,,1,,,,,,,,2,,,,11,,,
355,9373,,,1,1,14,,5,,,,71,,,,,,,,1,,,86,,,1,,,,11,,,,,,,,,,,,,37,,10,,,,,,,,,,,,,91,,,,18,,,,,,,25,13,1,,,3,,,,1,,,,,,,,,,,,12,,,
356,9403,,,,,15,,8,,,,68,,,,,,,,,,,85,1,,,,,,12,,,,,,,,,,,,,41,,9,,,,,,,,,,,,,92,,,,19,,1,,,,,23,11,4,,,2,1,,,,,,,,,,1,,,,,8,,,
357,9434,,1,1,,15,,9,,,,65,,,1,,,,,1,,,80,,,1,,,,11,,,,,,,,,,,,,45,,10,,,,,,,,,,,,,90,,,,23,,,,,,,22,9,2,,,1,,1,,,,1,,,,,,1,,,,7,,,
358,9464,,,,1,15,,10,,1,,60,,,,,,,,,,,79,,,,,,,13,,,,,,,,,,,,,42,,12,,,,,,,1,,,,,,87,,,,20,,,,,,,23,13,3,,,2,,,,1,,,,,,,1,2,,,,9,,,
359,9495,,,,,13,,11,,,,62,,,,,,,,,,,82,,,1,,,,12,,1,,,,,,,,,,,39,,10,,,,,,,,,,,,,92,,,,21,,,,,,,21,14,1,,,,,,,1,,,,,,,2,1,,,,5,,,
360,9526,,,,2,17,,10,,1,,63,1,,,,,,,,,,78,1,,,,,,10,,,,,,,,,,,,,36,,11,,,,,,,1,,,,,,97,,,,20,,,,,,,21,12,2,,,1,,,,,,,,,,,1,,,,,4,,,
361,9556,,,,1,14,,12,,,,64,,,1,,,,,,,,79,,,,,,,9,,,,,,,,,,,,,33,,7,,,,,,,,,,,,,90,,,,18,,,,,,,21,10,3,,,,,,,1,,,,,,,,,,,,7,,,
362,9587,,,,,15,,14,,,,66,,,,,,,,1,,,80,,,,,1,,9,,2,,,,,,,,,,,30,,10,,,,,,,1,,,,,,84,,,,17,,,,,,,22,14,5,1,,,,,,,,1,,,,,,,,3,,6,,,
363,9617,,,,1,14,,11,,,,65,1,,,,,,,,,,84,,,1,,,,8,,,,,,,,,,,,,27,,14,,,,,,,,,,,,,92,,,,18,,1,,,,,21,7,6,,,2,,1,,,,,,,,,,1,,,,7,,,
365,9679,,,,1,11,,11,,,,71,,,1,,,,,1,,,93,,,,,,,9,,2,,,,,1,,,,,,21,,11,,,,,,,,,,,,,98,,,,16,,,,,,,21,2,4,1,,,,,,1,,,,,,,,,,,,6,,,
364,9648,,,,,10,,10,,,,68,,,,,,,,,,,86,1,,1,,1,,10,,,,,,,,,1,,,,24,,15,,,,,,,1,,,,,,95,,,,15,,,,,,,20,5,7,,,,1,,,,,,,,,,1,,,2,,4,,,
367,9709,,,,1,14,,8,,,,73,,,,,,,,1,,,95,,,1,,,,7,,,,,,,,,,,,,22,,18,,,,,,,1,,,,,,104,2,,,18,,,,,,,20,8,4,,,1,,,,2,,,,,,,,,,,,7,,,
368,9740,,,,,16,,9,,1,,78,,,,,,,,,,,98,,,1,,1,,5,,1,,,,,,,,,,,23,,17,,,,,,,4,,,,,,101,,,,14,,2,,,,,22,6,2,,,,,,,,,,,,,,1,1,,1,,8,,,
370,9801,,,1,,14,,11,,,,64,,,1,,,,,,,,123,,,,,1,,5,,,,,,,1,,,,,,21,,15,,,,,,,,,,,,,110,,,,10,,2,,,,,20,1,4,,,,,,,,,,,,,,1,2,,,,5,,,
369,9771,,,,1,12,,10,,,,67,,,1,,,,,,,,112,1,,,,,,6,,2,,,,,,,,,,,24,,14,,,,,,,5,,,,,,98,,,,12,,2,,,,,21,3,3,,,,1,,,1,,1,,,,,,,,,,7,,,
371,9832,,,1,,15,,14,,,,64,,,1,,,,,,,,135,1,,1,,,,4,,3,,,,,,,,,,,18,,17,,,,,,,7,,,,,,105,1,,,17,,1,,,,,20,2,7,,,1,1,,,1,,,,,,,2,,,1,,4,,,
373,9893,,,1,2,17,,11,,,,64,,2,1,,,1,1,,,,165,7,1,,,,,3,1,4,,,,,1,,,1,,,16,,21,,,,,,,11,,,1,,,119,,,,17,,3,,,3,,22,1,8,1,,1,1,1,,,,,,,,,,3,,4,,5,,,1
372,9862,,,,1,12,,11,,,,62,,,,,,,,,,,142,5,,,,,,2,,,,,,,,,,,,,17,,19,,,,,,,9,,,,,,100,,,,16,,1,,,,,21,1,5,,,,,,,,,,,,,,1,,,,,4,,,
375,9926,,,,,15,,5,,,,63,,,,,,,,,,,171,9,1,,,,,2,,,,,,,,,,,,,15,,17,,,,,,,,,,,,,99,,,,18,,1,,,,,23,3,8,,,1,,,,,,,,,,,1,1,,,,4,,,1
377,9956,,1,1,1,14,,8,,1,,69,,,,,,,,1,,,165,10,1,1,,1,,7,,,,,,,,,,,,,11,,12,,,,,,,,,,,,,105,,,,19,,,,,,,24,2,6,,,1,1,,1,,,1,,,,,,,,,,3,,,
378,9987,,,,1,12,,10,,,,73,,,,,,,,1,,,156,12,,1,,,,8,,2,,,,,1,,,,,,14,,9,,,,,,,,,,,,,110,,,,24,,1,,,,,23,4,,1,,2,2,1,,,,,,,,,1,1,,1,,4,,,
380,9997,,,1,,15,,9,,1,,76,,,1,,,,,2,,,143,10,1,1,,,,4,,1,,,,,1,,,,,,12,,2,,,,,,,,,,,,,108,,,,27,,,,,,,27,2,,,,3,,2,,1,,1,,,,,2,2,,,,5,,,
381,11500,,,1,,16,,7,,1,,70,,1,,,,,,3,,1,100,14,,1,,,,5,,1,1,,,,2,,,1,,,9,1,2,,,,,,,2,1,,,,,104,,,,30,,,,,,,30,4,1,,,3,3,2,,,,2,4,,,,3,2,,,,6,1,,
382,12500,,,1,2,9,,11,,,,89,,,,,1,,,,,,65,10,,,,1,1,14,,,,,,,,,,,,,8,2,,,,,,,,5,,,,,,60,,2,,32,,,,,,,31,,,1,,3,3,1,,,,3,2,,,,,,,,,1,,,
384,12575,,,1,,10,,5,,,,88,,,,,,,,1,,,7,5,,,,1,2,13,,,,,,,,,,,,,3,4,3,,,,,,,3,,,,,,101,,1,,19,,,,,,,13,,,1,,3,,2,,,,1,2,,,,,3,,,,4,,,1
386,12650,,,,1,9,,2,,,,64,3,,,,1,,,,,,4,8,1,1,,,,10,,1,,,,,,2,,,,,12,2,4,,,,,,1,1,,,,,,117,,,,21,,,,,,,8,2,2,2,,2,5,,,,,1,,,2,,,,,,,2,7,,
387,12651,,,1,,8,,1,,,,94,,,,,,,,,,,5,7,,,,,,11,,,,,,,,,,,,,16,1,4,,,,,,,,,,,,,115,,,,18,,,,,,,6,1,,,,6,3,,1,,,1,,,,,1,,,,,1,6,,
388,12726,,,,1,2,,2,,,,98,,,,,,,,1,,,4,9,,,,,,13,,,1,6,,,,1,,,,,14,2,5,,,,,,,,,,,,,114,,,,14,,,,,,,5,1,1,,,8,4,1,,,,3,,,4,,,1,,,,,3,,
389,12751,,,,,,,9,,,,97,1,,,,,,,6,,,6,7,,,,,,11,,,1,,,,,,,,,,37,5,2,,,,,,,4,,,,,,121,,,,27,,,5,,,,6,,1,4,,8,3,,,,,3,,,,,,4,,,,,9,,
390,12753,,,,2,3,,10,,,,40,,,,,,,,4,,,3,6,,,,3,,12,,,,,,,,,,,,,26,4,4,,,,,,,,,,,,,120,,,,24,,,,,,,2,4,,,,10,2,,,,,5,,,,,1,1,,,,,5,,1
393,12847,,,3,2,13,,13,,1,,76,2,,2,,,,,2,,,4,11,,,,,,15,,,,,,,,1,,,,,10,4,1,,,,,,,1,,,,,,127,,1,,26,,,,,1,,10,,3,1,,11,7,,,,,5,,,,,1,,,,,2,,,
391,12799,,,,4,5,,11,,,,68,1,1,,,,,,,,,2,8,,,,4,,13,,,,3,,,,3,,,,,10,1,2,,,,,,,,,,,,,114,,,,26,,,,,,,7,5,1,1,,10,3,,,,,6,,,1,,,2,,,,,7,,
396,12864,,,1,3,6,,3,,,,74,,1,,,1,,,,,,10,21,,,,,3,11,,,,,,,1,1,,,,,12,5,4,,,,,,,,,,,,,110,,2,,28,,,,,1,,5,2,3,,,6,4,1,,,,1,,,,,,,,,,1,1,,
397,12866,,,1,2,11,,11,1,,,72,,,1,,1,,,1,1,,7,3,1,,,1,,2,2,4,,,,,,4,,,,,32,,1,,,,3,,,,1,,1,3,,112,1,1,,35,,,14,,1,,9,3,,1,,1,,4,,,,,,1,,2,1,3,,,,3,3,,
402,12888,,,1,2,9,,8,,,,87,,,1,,,,,,,,5,1,,,,,,2,,,,,,,1,2,,,,,35,2,5,,,,,,,,,,,,,165,,,,32,,,1,,,,15,,8,,,5,,2,,,,1,,,,,1,2,,,,2,1,,
401,12887,,,1,1,10,,10,,,,101,,,1,,,,,1,,,4,2,,,,,,4,,3,,,,,,5,,,,,33,,7,,,,,,,,,,,,,160,,,,30,,,10,,,,17,1,,,,3,,3,,,,,,,,,,1,,,,1,1,,
404,12889,,,1,2,10,,9,,,,92,,,,,,,,1,,,6,7,,,,,,4,,2,,,,,,4,1,,,,38,1,8,,,,,,,,,,,,,170,,,,34,,,2,,,,14,1,12,,,7,,1,,,,,,,,,,1,,,,,2,,1
409,12990,,,3,3,10,,10,2,,,76,,,,,,,,1,,,4,9,1,2,,,,8,,,2,,,,,7,1,,,,37,3,9,,,,,,,,1,,,1,,173,,2,,37,,,1,5,,1,13,,13,3,,8,,1,,,,1,2,,,,,3,,,,1,1,,
411,13016,,,2,,8,,10,,,,64,,,,,,,,3,,,4,7,,,,,,5,,,,,,,1,6,,,,,30,1,5,,,,,,,,,,,,,160,,2,,34,,1,,,,,10,1,12,,,7,1,2,,,,,,,,,,,,,,,7,,
410,13003,,,2,2,9,,11,,1,,78,,,,,,,,2,,,7,8,,,,,,7,,,,,,,,5,,1,,,35,,7,,,,,,,,,,,,,168,,1,,38,,,,,,,11,,10,,,5,,,,,,,,,,,,1,,,,1,5,,1
412,13029,,,,1,9,,9,,1,,56,,,,,,,,4,,,5,5,,,,,,4,,,,,,,,5,1,,,,28,2,2,,,,,,,,,,,,,161,,3,,30,,,,,,,9,1,13,,,4,,,,,,,,,,,2,,,,,1,8,,1
413,13042,,,1,1,10,,8,,2,,43,,,,,,,,5,,,7,6,,,,,,2,,,,,,,1,4,,,,,26,4,1,,,,,,,,,,,,,157,,2,,31,,,,,,,8,,11,,,5,1,1,,,,,,,,,3,1,,,,1,11,,
414,13055,,,3,1,8,,14,2,3,,39,1,,,,1,,,4,,,4,7,4,2,,,,8,,,2,,,,,2,,1,,,24,5,8,,,,,,,,1,,,,,156,,5,,32,,,1,,1,,6,1,13,,,3,,1,,,,3,3,,,,5,,,,,1,11,,
415,13066,,,2,1,12,,16,,2,,30,,,,,,,,2,,,3,9,1,,,,,9,,,,,,,,,,,,,21,4,7,,,,,,,,,,,,,161,,3,,34,,,,,,,4,1,12,,,1,1,,,,,,,,,,4,,,,,1,11,,
416,13077,,,1,1,15,,17,,3,,31,,,,,,,,5,,,1,14,,,,,,7,,,,,,,,,,1,,,20,2,2,,,,,,,,,,,,,157,,2,,40,,,,,,,6,2,9,,,2,3,1,,,,,,,,,2,1,,,,,10,,1
417,13088,,,,2,18,,28,,2,,28,,,,,,,,7,,,2,10,,,,,,5,,,,,,,1,,,1,,,19,4,,,,,,,,,,,,,,181,,1,,44,,,,,,,8,3,7,,,4,4,,,,,,,,,,1,,,,,,8,,
418,13099,,,1,3,21,,32,,4,,32,,,,,,,,6,,,1,17,1,,,,,6,,,,,,,,,1,,,,21,3,1,,,,,,,,,,,,,187,,,,65,,,,,,,10,4,5,,,1,1,,,,,,,,,,,,,,,,1,,1
419,13110,,,,2,24,,30,,6,,33,,,,,,,,5,,,1,19,,,,,,8,,,,,,,,,,1,,,20,1,,,,,,,,,,,,,,193,,1,,76,,,,,,,11,5,,,,4,2,,,,,,,,,,1,1,,,,,2,,
420,13121,,,1,4,27,,36,,4,,35,,,,,,,,8,,,,20,1,,,,,9,,,,,,,1,,,,,,17,2,1,,,,,,,,,,,,,195,,,,89,,,,,,,12,6,1,,,5,4,1,,,,,,,,,2,2,,,,,4,,
421,13131,,,,5,26,,40,,5,,36,,,,,1,3,,10,,,1,23,1,,,,,11,,,,,,,,,,,,,24,5,2,,,,,,,1,,,,4,,206,,1,,107,,,2,,3,1,15,8,,,,6,5,,,,,3,,,,,5,2,,,,,5,,
426,13194,,,,3,5,,19,3,1,,37,,2,,,,,,,,,1,12,1,1,,1,,9,,,2,,,,,2,,,,,36,12,5,,,,,,,,1,,,2,,147,,,,49,,1,,2,,,14,,9,1,,2,13,6,,,,1,1,,,3,2,3,,,,,6,,
443,13398,,,2,9,8,,6,1,3,,21,1,12,,,,,,8,,,1,7,,9,,1,,11,,1,1,,,,,1,,,,,37,10,11,,,,,,,2,,,,,,148,,6,,32,,,,,,,6,,,,,6,2,,,,1,1,3,,,,4,2,,1,,5,1,,
448,13458,,,,16,9,,13,,3,,24,,,,,2,,2,17,,,18,6,3,2,,,,6,1,3,,,,3,,,,,,,23,2,1,,1,,,,,,,,,,,199,,,,47,,1,1,,,,17,,3,,,3,8,,,,,2,,,,,2,,,,,1,3,,
455,13856,1,,,10,5,,25,,1,,,,,,1,,,,13,,,1,13,1,1,,,,5,,,,,,1,,1,,,,,8,6,2,,,,,,,,,,,,,225,,10,,58,,,,,,,1,,6,,,8,7,,,,,,,,,,,8,,,,5,2,,
456,13913,,,,9,4,,27,,1,,4,,3,,,1,,1,27,,,,21,2,1,,,,5,,,1,,,,,4,,,,,30,4,3,,,1,,,,,,,,,,159,,3,,33,,,6,,1,,2,1,4,,,8,4,1,,,,,,,,,3,,,,,1,3,,
457,13970,,,,8,5,,39,,4,,2,,1,,,,,,19,,,,31,,1,,,,4,,2,,,,1,,2,,,,,29,10,4,,,,,,,,,,,1,,180,,3,,35,,2,5,,3,,1,,3,,,4,3,2,,,,,,,,,,2,,,,3,5,,
458,14027,,,,8,6,,21,,1,,6,1,,,,1,,,15,,,10,17,2,4,,,,3,,,,,,1,,4,,,,,27,5,6,,,,,,,,,,,1,,280,,2,,38,,,,,3,,1,2,2,,,3,2,3,,,,,,,,,2,3,,,,4,3,,
460,14141,,,,14,8,,8,,3,,1,,,,,1,,,19,,,2,27,2,5,,,,10,,,,,,,,4,,,,,41,8,9,,,,,,,1,,,,1,,174,,,1,52,,,5,1,2,,1,,,1,,8,,,,,,3,1,,,,2,5,,,,3,,,
461,14198,,,,9,5,,8,,10,,7,,,4,,,,,41,,,4,8,1,3,,,,3,,1,1,,,1,,4,,,1,,18,10,10,,,,,,,,,,,,,176,,4,,10,,,,,5,,1,,4,1,,4,2,,,,,,,,,,,1,,,,2,1,,
462,14254,,,,13,5,,20,,3,,2,,,1,,,,,11,,,,16,4,5,,,,8,,2,,,,1,,5,,1,,,26,9,8,,,1,,,,,1,,,,,139,,10,,28,,,1,,4,,1,1,2,,,5,,2,,,,,2,,,,1,,,,,4,4,,
463,14311,,,,9,3,,21,,7,,,,3,1,,,,,8,,,2,5,1,3,,1,,10,,,1,,,,,3,,1,,,30,11,6,,,,,,,,,,,,,129,,8,,26,,,,,1,,,,9,2,,10,,,,,,,,,,,,,,,,,1,,2
465,14425,,,,27,5,,25,,6,,1,,,,,,,,28,,,2,31,3,2,,2,,14,,,,,,,,2,,,,,49,8,,,,,,,,,,,,,,179,,1,,99,,,1,,4,,,,13,2,,8,2,,,,,1,,,,,,5,,,,1,,,
466,14482,1,,,7,4,,13,,4,,,,3,1,,1,,,12,,,,9,1,1,,,,8,,,,,,,,3,,,,,47,6,5,,,,,,,,,,,4,,113,,11,1,30,,,4,,2,,1,,10,,,7,,1,,,,,,,,,,2,,,,,2,,
467,14539,,,,6,7,,13,,2,,,,2,,,,,,17,,,,1,2,,,1,,3,,,1,,,,,,,2,,,9,4,2,,,,,,,,,,,,,127,,4,,42,,,,,1,,,,1,,,2,4,,,,,,5,,,,,,,,,1,,,
468,14596,,,,4,3,,18,,11,,,,,2,,1,,,14,,,1,16,5,,,,,7,,1,,,,,,6,,1,,,17,5,4,,,1,,,,,,,,,,152,,6,1,60,,,2,,2,,,1,2,1,,10,,,,,,,,,,,,,,,,5,5,,
469,14653,,,,17,3,,54,,3,,1,,,,,2,,,46,,,2,11,7,3,,,,9,,1,,,,1,,,,,,,55,4,4,,,,,,,,,,,,,242,,4,,73,,1,,,3,,2,,,1,,,1,,,,,,,,,,,,1,,,,6,,
470,14710,,,,12,8,,21,,4,,,1,5,,,2,,,19,,,,27,,5,,3,1,11,,,1,,,,,3,,,,,30,4,11,,,,,,,1,,,,1,,169,,7,,46,,,1,,1,,,,2,,,7,,2,,,,1,,,,,,,,,,3,2,,
473,14880,,,,10,9,,33,,4,,,,5,,,,,1,27,,,,6,3,3,,,,3,,,,,,,,,,,,,17,1,4,,,,,,,,,,,,,128,,13,,54,,,,,4,,,,2,,,1,,1,,,,1,1,,,,,,,,,,2,,
472,14823,,,,9,5,,7,,5,,3,,,1,,,,1,30,,,,20,2,,,,,7,,,1,,,,,,,,,,12,4,5,,,,,,,,,,,,,166,,7,,39,,,,,2,,,1,6,1,,3,1,,,,,2,,,,,,,,,,,2,,
471,14766,,,,10,7,,28,,3,,1,,,,,1,,,40,,,,8,1,1,,,,6,,,1,,,,,2,,,,,11,3,4,,,,,,,,,,,,,158,,3,,29,,,2,,5,,1,,7,,,6,3,,,,,,1,,,,,,,,1,,4,,
