depth,age,abies,acer,achillea-type,alisma,alnus glutinosa-type,alnus viridis-type,amaranthaceae,anemone-type,anthericum,anthoceros,apiaceae undiff.,arctostaphylos,artemisia,asteroideae undiff.,betula,boraginaceae,botrychium,brassicaceae,bupleurum-type,calluna,caltha-type,calystegia,campanulaceae,carpinus,caryophyllaceae undiff.,castanea,centaurea cyanus,centaurea jacea-type,centaurea scabiosa-type,cerastium-type,cichorioideae,cirsium-type,cladium,convolvulus arvensis,cornus sanguinea,corylus,dianthus-type,dryas-type,empetrum/rhododendron subsect. ledum,ephedra distachya,ephedra fragilis,epilobium,ericaceae undiff.,euonymus,euphorbia,fabaceae undiff.,fagopyrum,fagus,ficaria verna-type,filipendula,frangula,fraxinus,genista-type,geraniaceae,geum-type,gypsophila,hedera,helianthemum,heracleum-type,hippophaÃ«,hippuris,hordeum-type,humulus/cannabis,hydrocotyle,hypericum-type,hystrix,ilex aquifolium,impatiens,jasione,juniperus,knautia,lamiaceae,lemnoideae,lotus,melampyrum,menyanthes,mercurialis perennis,myriophyllum spicatum,onobrychis-type,ononis-type,ophioglossum,papaver argemone,papaver-type,parnassia,persicaria amphibia,persicaria maculosa-type,picea,pinus,plantago lanceolata,plantago major/p. media,plantago maritima-type,plantago undiff.,poaceae,poaceae (cerealia-type) undiff.,polygonum aviculare,populus,potentilla-type,poterium sanguisorba,quercus,ranunculaceae undiff.,ranunculus acris-type,ranunculus sect. batrachium-type,rhamnus cathartica,rhinanthus-type,rosaceae undiff.,rubiaceae,rumex acetosa-type,rumex subg. rumex,sagina,salix,sambucus,sanguisorba officinalis,scabiosa,scirpus-type,scleranthus annuus,scleranthus perennis,scrophulariaceae,secale,sedum,selaginella selaginoides,silene-type,solanum dulcamara,sorbus-type,stachys-type,stratiotes,succisa,symphytum,taxus,thalictrum,thelypteris,tilia,trifolium-type,trollius-type,ulmus,urticaceae,vaccinium-type,valerianoideae,varia,verbena,viburnum,vicia-type,viscum,xanthium
18,286,,2,2,,158,,2,,,,2,,7,2,116,,,8,,19,,,2,15,1,,1,,,,,,,,,27,,,,,,,,,,,,10,,1,,2,,,,,,,,,,,2,,,,,,1,2,,,,,2,,,,,,,,,,,,1,570,16,,,,119,25,,7,,,109,,,,,,1,3,32,,,11,,,,,,,,38,,,,,2,,,,,,,2,,1,,7,,,,,,,,,
22,355,1,,1,,163,,1,,,,2,,15,2,139,,,3,,35,,,,16,,,5,,,,3,,2,,,33,,,,,,,,,,,,15,,,,5,3,,,,,,,,,,14,,,,,,,2,,,,,,,,,,,,,,,,,10,600,30,,,,149,23,1,3,1,,92,,,,,,,,61,,,14,1,,,,,2,3,43,,,,,,,,,,,2,,,,,8,4,,,2,,,,,
27,441,1,,2,,90,,1,,,,3,,10,1,115,,,7,,29,,,,11,,,2,1,,,,,,,,18,,,1,,,,,,,2,,17,,1,1,4,1,1,,,,,,,,,9,,,,,,,3,,,,,1,,,,,1,,,,1,,,13,642,13,,,,147,22,,5,,,89,1,1,,,,,,50,,,18,,,,,,1,,52,,,,,,,,1,,,,1,,,,4,1,,,1,,,,,
32,527,2,,,1,165,,1,,,,,,21,4,170,1,,7,,28,,,3,18,,,2,,,,3,,,,,22,,,,,,,,,,,1,21,,8,2,5,,,,,,,,,,,8,,,,,,,,,,,,,2,,,,,1,,,,,,5,465,14,,,,198,28,3,5,,,118,,,,,,,,74,,,28,1,,,,,1,1,46,,,1,1,1,,,,,,1,,1,,,11,3,,,3,,,,,
37,612,1,,,,147,,4,,,,1,,24,5,167,,,3,,29,,,4,13,,,1,,,,1,,,1,,29,,,,,,,,,2,,,15,,5,1,4,1,,,,1,,,,,,14,,,,,,,1,,1,,,,,,,,,,,,,,,7,553,13,,,,135,41,,1,,,91,,,,,,1,,99,,,17,,,,,,1,,76,,,,,,,,,,2,,2,1,2,,6,1,,,2,,,,,
42,698,1,,1,,121,,4,1,,1,4,,23,3,180,,,5,,42,,,2,21,,1,7,,,,5,,,,,20,1,,,,,,,,,,,19,,2,,7,,1,,,,,,,,,25,,,,,,,,,2,2,,1,,,,,,1,,,,,,4,617,18,2,,,202,46,4,2,1,,76,1,1,,,,1,5,105,,,20,,,,1,,,,75,,,,,,,,,,,3,,1,,,7,6,,,3,,,,,
47,784,3,,3,,128,,4,,,1,2,,7,1,175,1,,4,,29,,,5,15,,1,5,,,,3,,,,,20,,,,,,,,,,,,19,,6,,1,,,,,,,,,,,18,,,,,,,3,,,,,1,,,,,,1,,,,,,9,562,13,2,,,215,37,,,,,85,1,1,,,,,2,117,,,15,,,,,,3,,68,,,,,,1,,,,,,1,2,,,8,1,,,,,,,,
52,863,,1,2,1,135,,5,,,1,4,,15,3,183,,,4,,27,,,,23,1,,2,,,,3,,,,,27,,,,,,,,,,,,28,,,,8,,1,,,,,,,,,15,,,,,,,1,,,,,1,2,,,,,1,,,,1,1,3,521,10,,,,119,42,,,,,93,,2,,,,1,,81,,,14,,,,,,1,,77,,,,,,,1,2,1,,3,,,,,4,4,1,,1,,,,,
58,946,6,,1,,170,,2,,,,2,,7,,181,,,2,,28,,,3,22,1,1,2,,,,3,,,1,,18,,,,,,,,,,,,39,,,,7,,,,,,,,,,,19,,,,,,,,,,,,2,,,,,,,,,,,,6,502,10,3,,,139,34,,2,,,84,2,1,,,,,7,64,,,23,1,,,,,,1,51,,,1,,,,,,,3,,,,,,10,4,,,,,,1,,
62,1001,1,1,1,,245,,2,,1,,3,,13,1,221,,,3,,39,,,1,36,,,1,,,,2,1,,,,24,,,,,,,,,,,,47,,4,,2,,,,,,,,,,,10,,,,,,,,,1,,,1,,,,,,1,,,,,,1,453,7,3,,,140,17,1,4,,,136,1,,,,,,2,55,,,16,2,,,,1,,1,61,,,,,,,,,,2,,,3,,,13,2,,,,,,,,
69,1097,2,,,,201,,1,,,,3,,6,,218,,,2,,18,,,,17,,,,,,,,,,,,22,,,,,,,,,,,,47,,1,,5,,,,,,,,,,,8,,,,,,,2,,1,,,4,,,,,,1,,,,,,1,562,6,,,,72,4,,8,,,161,,,,,,1,1,12,1,,5,,,,,,,,12,,,,,1,,,,,,,,,,,12,7,,,,,,,,
76,1194,3,1,2,,173,,1,,,,,,15,1,217,,,,,15,1,,1,24,,,,,,,1,,4,,,26,,,,,,,,,,,,42,,2,,9,,,,,,,,,,,3,,,,,,,,,,,,1,,,,,,,,,,,,3,532,5,,,,74,2,1,12,,,179,,,,,,,,8,,,21,,,,2,,,,3,,,,,,,,,,,,,1,,,6,6,,1,,,,,,
83,1290,7,,,,151,,2,,,,2,,5,1,243,,,1,,13,,,,30,,,,,,,1,,,,,18,,,,,,,,,,,,50,,1,,12,1,,,,,,,,,,4,,,,,,,,,1,,,1,,,,,,,,,,,,1,529,5,,,,66,2,,10,1,,199,1,,,,,,,16,,,11,,,1,,,,,6,,,,1,,,,,,,2,,,,,5,2,,,,,,,,
90,1386,7,,,,145,,2,,,,1,,7,,237,,,1,,11,2,,,40,1,,,,,,1,,1,,,17,,,,,,,,,,,,55,2,1,,12,,,,,,,,,,,2,,,,,,,,,1,,,9,,,,1,,1,1,1,,,,7,525,7,,,,72,3,1,12,,,223,,,,,,,,12,,,10,,,,1,,,,5,,,,,,,,,,1,,,1,,,13,2,,,,,,,,
97,1483,3,,,,258,,1,,,,2,,10,,191,,,1,,10,,,,27,,,,,,,,,,,,15,,,,,,,,,,,,68,,2,,13,,,,,,,,,,,1,,,,,,,1,,,,,,,,,,,,,,,,,4,462,7,1,,,61,2,2,10,,,199,,,,,,,,8,,,2,,,,,,,,6,,,,,,,,,,,2,1,2,,,6,3,,,,,,,,
104,1579,6,,,,256,,2,,,,2,,15,1,212,,,1,,11,,,,40,,,,,,,1,,,,,26,,,,,,,,,,,,98,,,1,17,,,,,,,,,,,2,,,,,,,1,,,,,2,,,,,,,,,,,,2,474,9,,,,73,6,,3,,,211,,,,,,1,1,10,,,7,,,,,,,,2,,,,,,,,,,,,,,,,11,1,,,,,,,,
111,1676,7,1,1,,288,,1,,,,1,,8,1,162,,,,,11,,,,50,,,,,,,4,,,,,20,,,,,,,,,,,,76,,2,,8,,,,,,,,,,,,,,,,,,,,,,,1,,,,,,,,,,,,2,468,3,,,,39,2,,4,,,174,,1,,1,,,,8,,,5,,,,,,,,4,,,1,,,,,,,,,,1,,,4,1,,,,,,,,
118,1772,7,,,,285,,2,,,,,,3,,148,,,,,12,,,,59,,,,,,,,,3,,,30,,,,,,,,,,,,86,,,,11,,,,,,,,,,,,,,,,,,,,,,,2,,,,,,,,,,,,4,581,3,,,,26,,,8,,,174,,,,,,,1,2,,,7,,,,,,,,1,,,,,,,,,,,,,3,,,3,2,,,,,,,,
125,1868,2,,1,,250,,,,,,1,,6,,169,,,1,,15,1,,,56,,,,,,,,,1,,,42,,,,,,,,,,,,70,,1,,14,,,,,,,,,,,,,,,,,,,,,,,2,,,,,,,,,,,,7,472,6,1,,,29,,,4,,,156,,,,,,,,4,1,,5,,,,,,,,1,,,,,,,,1,,,,,2,,,5,1,,,,,,,,
132,1965,5,1,,,345,,4,1,,,,,9,,141,,,3,,9,,,,36,,,,,,,1,,,,,77,,,,,,,,,,,,69,,,,7,,,,,,,,,,,1,,,,,,,,,,,,2,,,,,,,,,,,,3,373,7,,,,39,5,,,,,228,,1,,,,,1,5,,,,1,,,1,,,,2,,,,,,,,,,,,,1,,,6,,,,2,,,,,
139,2061,4,,1,,297,,1,,,,2,,20,1,127,,,,,13,,,,50,,,,,,,2,,,,,68,,,,,,,,,,1,,98,,,,11,,,,,,,,,,,2,,,,,,,1,,,,,2,,,,,,,,,,,,6,435,12,,,,68,9,,3,,,207,,1,,,,,1,13,,,5,1,,1,2,,,,14,,,,1,,,,,,2,1,,2,,,7,1,,,1,,,,,
146,2158,4,1,,,273,,2,,,,1,,10,,173,,,2,,7,,,1,28,,,,,,,,,1,,,34,,,,,,,,,,,,71,,4,1,7,,,,,,,,,,,2,,,,,,,,,,,,1,,,,,,,,,,,,3,541,3,,,,42,3,,1,,,145,,,,,,,1,7,,,7,,,,,,,,3,,,,1,,,,,,,,,2,,,6,,,,,,,,,
153,2254,7,,1,,359,,,,,,1,,12,1,214,,,,,17,,,,24,,,,,,,,,2,,,66,,,,,,,,,,,,64,,1,,8,,,,,,,,,,,2,,,,,,,,,,,,5,,,,,,,,,,,,1,379,7,,,,70,,,1,1,,235,,,,,,,,8,1,,12,,,,1,,,,,,,,,,,,,,,,,,,,,,,,,,,,,
160,2351,5,,1,,324,,2,,,,1,,6,,165,,,1,,9,,,,30,,,,,,,1,,,,,42,,,,,,,,,,,,62,,,,5,,,,,,,,,,,1,1,,,,,,1,,,,,3,,,,,,1,,,,,,5,381,6,,,,57,3,,,,,240,,,,,,,,11,,,11,,,,,,,,1,,,,,,,,,,,,,,,,6,1,,,1,,,,,
167,2447,7,,,,267,,,,,,2,,7,,158,,,1,,12,,,,30,,,,,,,,,1,,,37,,,,,,,,,,,,38,,1,,10,,,,,,,,,,,2,,,,,,,,,1,,,7,,1,,,,,,,,,,3,488,2,,,,47,,,,,,180,,2,,1,,,,3,1,,4,,,,,,,,,,,,,,,,,,,1,,1,,,4,,,,,,,,,
174,2543,6,1,1,,272,,,1,,,4,,6,,230,,,2,,12,,,,20,,,,,,,,,2,,,20,,,,,,,,,,,,21,,3,,10,1,,,,,,,,,,,,,,,1,,,,1,,,9,,,,,,,,,,1,,2,478,3,1,,,54,,,4,,,174,,,,,,,,5,,,9,1,,,,,,,,,,,,,,,,,,1,,1,,,9,1,,,1,,,,,
181,2640,7,,,,229,,2,,1,,3,,11,1,167,,,,,16,,,,13,,,,,,,,,,,,15,,,,,,,,,,,,28,,3,,3,,,,,,,,,,,2,,,,,,,,,,,,6,,,1,,,,,,,,,3,628,10,1,,,65,1,,4,,,177,,,,,,,,14,,,7,,,,,,,1,,,,,,,,,,1,1,,,1,,,5,1,,,,,,,,
188,2736,9,1,,,232,,1,,,,5,,8,,136,,,,,38,,,,12,,,,,,,1,,,,,36,,,,,,,,,,,,32,,2,,1,,,,,,,,,,,2,,,,,,,1,,,,,,,,,,,,,,,,,5,596,6,,,,78,,,3,,,189,,,,1,,,3,17,,,2,,,,,,,,,,,,,,,,,,,1,,2,,,6,,,,,,,,,
195,2833,3,,,,244,,4,,,,,,14,1,187,,,1,,9,1,1,,7,,,,,,,,,1,,,26,,,,,,,,,,,,17,,3,1,6,,,,,,,,,,,1,,,,,,,,,,,,9,,,,,,,,,,,,6,656,9,1,,,72,,,1,,,119,,,,,,,,16,,,10,,,,,,,,,,,,,1,,,,,,,,,,,,,,,,,,,,
202,2929,3,,2,,291,,,,,,1,,11,1,191,,,,,14,,,,13,,,,,,,1,,1,,,24,,,,,,,,,,,,22,,2,,13,,,,,,,,,,,1,,,,,,,,,,,,2,,,,,,,,,,,,2,518,10,,,,71,1,,1,,,124,,1,,,,,,13,,,6,,,,,,,,,,,,,,,,,,,1,,1,,,2,,,,,,,,,
209,3025,3,,1,,312,,3,,,,1,,6,,141,,,,,17,,,,11,,,,,,,1,,,,,36,,,,,,,,,,,,46,,2,1,10,,,,,,,,,,,,,,,,,1,,,1,,,6,,,,,,,,,,,,2,538,12,1,,,65,1,,1,,,136,,,,,,,4,14,,,4,1,,,,,,,,,,,,,,,,,,1,,3,,,5,1,,,,,,,,
216,3087,4,,,,286,,2,,,,,,6,1,188,,,1,,12,,,,10,,,,,,,1,,,,,25,,,,,,,,,,,,30,,,,7,,,,,,,,,,,1,,,,,,,,,,,,,,,,,,,,,,,,2,576,9,,,,35,1,,,,,90,,,,,,,,6,,,,,,,,,,,,,,,,,,,,,,1,,1,,,2,1,,,,,,,,
223,3143,1,,1,,330,,2,,,,4,,2,1,195,,,,,6,,,1,5,,,,,,,2,,,,,34,,,,,,,,,,,,32,,1,,5,,,,,,,,,,,1,,,,,,,,,,,,,,,,,,,,,,1,,1,479,5,,,,43,,,,,,130,,,,,,,,3,,,4,,,,,,,,,,,,,,,,,,,,,2,,,3,1,,,,,,,,
231,3207,2,1,,,383,,,,,,2,,1,,97,,,1,,18,,,,11,,,,,,,2,,1,,,36,,,,,,,,,,,,35,,1,,9,,,,,1,,,,,,1,1,,,,,,,,,,,1,,,,,,,,,,,,3,591,3,,,,49,1,,1,,,98,,1,,,,,,9,,,6,1,,,,,,,,,,,,,,,,,2,,,4,,,4,,,,,,,,,
238,3263,3,1,1,1,258,,2,,,,1,,10,1,121,,,,,10,,,,9,1,,,1,,,4,,,,,37,,,,,,,,,,,,35,,2,,5,,,,,,,,,,,,,,,,,,,,,,,1,,,,,,,,,,,,5,748,8,,,,60,3,,,,,92,,,,,,1,1,4,,,4,1,,,,,1,,,,,,,,,,,,,,,2,1,,11,,,,,,1,,,
245,3319,12,,,,203,,7,,,,2,,25,,65,,,3,,10,,,1,7,4,,,1,,,11,,,,,69,,,,,,,,,,,,54,,1,,9,,,,,,,,,,,3,,,,,,,1,,,,,1,,,,,,,,,,1,,10,801,18,,,,100,3,1,1,1,,112,,,1,,,,1,21,,,4,,,,1,,3,,,,,,,,,,,,2,1,,4,,,9,,,,2,,,,,1
252,3374,14,2,,,244,,6,,,,2,,26,1,83,,,1,,14,,,,13,1,,,,,,3,,,,,60,,,,,,,,,,1,,41,,4,,11,,,,,,,,,,,2,,,,,,,1,,1,,,1,,,,,,,,,,,,10,669,13,,,,58,6,,,1,,117,,,,,,,2,8,,,2,,,,,,1,,,,,,,,,,1,,,1,,7,,,14,1,,,1,,,,,
259,3430,7,,,,283,,1,,,,2,,25,1,92,,,2,,10,,,,11,2,,,,,,2,,,,,60,,,,,,,,,,,,61,,1,,11,1,,,,,1,,,,,,,,,,,,,,1,,,1,,,,,,,,,,,,8,647,5,,,,70,3,1,,1,,124,,,,1,,1,,5,,,6,,,,,,,,,,,,,,,,,,1,,,4,,,9,1,,,,,,,,
266,3486,6,,,,244,,4,,,,9,,25,,80,,,,,11,,,,15,,,,,,,3,,1,,,65,,,,,,,,,,,,46,,2,,14,,,,,1,,,,,,,,,,,,,1,,,,,,,,,,,,,,,,,10,701,8,,,,77,7,,5,1,,128,,,,,,,2,6,,,7,,,,,,3,1,,,,,,,,,,,,,,10,,,7,,,,3,,,,,
273,3542,8,,,,405,,2,,,,2,,19,2,122,,,1,,12,,,,11,,,,,,,4,,,,1,100,,,,,,,,,,,,54,,,,9,1,,,,,,,,,,,,,,,,,,,,,,1,,,,,,,,,,,,7,618,9,1,,,51,1,1,1,,,132,,1,,,,,1,7,,,,,,,,,,,,,,,,,,,,,,1,,14,,,8,,,,,,1,,,
280,3598,4,2,,,452,,7,,,,1,,11,,77,,,1,,11,,,,9,,,,1,,,1,,,,,150,,,,,,,,,,,,35,,1,,14,1,,,,,,,,,,,,,,,,,1,,,,,,,,1,,,,,,,1,,4,465,8,,,,53,3,,,,,136,,1,,,,,,12,,,7,,,,,,,,,,,,,,,,,,,1,,11,,,11,,,,1,,,,,
287,3654,4,2,,,379,,,1,,,1,,4,,81,,,,,6,,,,6,,,,,,,1,,,,,141,,,,,,,,,,,,33,,,,9,,,,,,,,,,,1,,,,,,,,,,,,,,,,,,,,,,1,,4,522,9,,,,29,1,1,,,,118,,1,,1,,,,14,1,,3,2,,,,,,,,,,,,1,,,,,1,1,,15,,,11,1,,,1,,,,,
294,3710,9,,1,,326,,,,,,4,,14,1,112,,,1,,13,1,,,14,,,,,,,1,,,,,144,,,,,,,,,,,,37,,4,,11,,,,,,,,,,,,,,,,,,,,,,,2,,,,,,,,,,,,2,532,2,,,,32,,,2,,,204,,,,,,,1,3,,,4,,,,,,,,,,,,,1,,,1,,,,,26,,,19,,,,,,,,,
301,3766,6,,,,310,,,,,,3,,4,,139,,,,,14,1,,1,14,,,,,,,,,,,,107,,,,,,,,,,,,25,,,1,17,1,1,,,,,,,,,,,,,,,,,,,,,1,,,,,,,,1,,,,4,532,2,1,,,23,2,,4,,,173,,,1,,,,1,1,,,5,,,,,,,,,,,,,,,,,,3,,,21,,,21,,,,1,,,,,
308,3822,2,,,,353,,,,,,3,,7,1,114,,,,,15,,,,12,,,,1,1,,,,,,,129,,,,,,,,,,,,35,,2,,9,,,,,1,,,,,,,,,,,,,,,1,,,,,,1,,,,,,,,,,508,7,,,,42,,,,,,170,,,,,,,,2,,,8,,,,,,,,,,,,,,,,,,3,,,42,,,20,,,,,,,,,
326,3965,9,,,,325,,,,,,2,,5,,88,,,1,,12,,,1,5,,,,,,,,,,,,111,,,,,,,,,,,,16,,3,,14,,,,,,,,,,,,,,,,,,,,1,,,2,,,,,,,,,,,,9,585,3,,,,48,,,2,,,232,,1,,,,,1,1,,,5,,,,,,,,,,,,,,,,1,,,1,,27,,,18,,,,,,,,3,
333,4021,5,,1,,326,,,,,,,,4,1,114,,,,,6,,,,3,,,,,,,,,,,,139,,,,,,,,,,,,13,,1,,32,1,,,,,,,,,,,,,,,,,,,,,,4,,1,,,,,,,,,,10,499,5,,,,53,,,2,,,204,,,,1,,1,1,4,,,5,,,1,,,,,,,,,,,,,,,1,,,22,,,15,1,,,,,,,,
340,4077,6,1,1,,296,,1,,,,,,5,1,97,,,,,9,,,,5,,,,,,,,,,,,85,,,,,,,,,,,,16,,,,24,,,,,,,,,,,,1,,,,,,,,,,,3,,,,,,,,,,,,5,541,3,,,,18,,,1,,,186,,,,2,,,2,3,,,,,,,,,,,,,,,,,,,,,,,,13,,,16,,,,,,,,,
347,4133,5,,,,352,,1,,,,15,,3,,103,,,,,8,,,,4,,,,,,,,,1,,,132,,,,,,,,,,,,17,,1,,20,,,,,,,,,,,,,,,,,,,,,,,2,,,,,,,,,,,,10,519,4,,,,30,,,2,,,231,,,,1,,,1,3,,,1,1,,,,,,,,,,,,,,,1,,,2,,27,,1,18,3,,,,,,,,
354,4189,3,,1,,318,,2,,,,3,,10,3,85,,,,,7,,,,4,,,,,,,1,,,,,142,,,,,,,,,,,,14,,1,1,20,,,,,,,,,,,1,,,,,,,,,,,,3,,,1,,,,,,,,,11,591,3,,,,40,2,,4,,,194,,,,1,,,,5,1,,3,,,,,,,,,,,,,,,,,,1,,,24,,,17,,,,,,,,,
361,4245,4,2,,,186,,1,,,,,,3,,73,,,,,6,,,,3,,,,,,,,,,,,86,,,,,,,,,,,,15,,,,15,,,,,,,,,,,,,,,,,1,,,,,,1,,,,,,,,,,,,14,700,6,,,,29,1,,3,2,,143,,,,,,,1,5,,,3,,,,,,,,,,,,,,,,,,1,,,24,,,12,1,,,,1,,,1,
368,4301,5,,,,270,,2,,,,,,4,,80,,,,,7,,,,4,,,,,,,1,,1,,,115,,,,,,,,,,,,11,,,,19,1,,,,1,,,,,,,,,,,,,,,2,,,3,,,,,,,,,,,,6,640,1,,,,31,,,1,,,152,,1,,1,,1,1,3,,,3,,,,,,,,,,,,,,,,,,1,1,,29,,,8,1,,,,,,,,
375,4357,2,1,,,350,,1,2,,,1,,7,2,111,,,,,12,,,,3,,,,,,,1,,,,,140,,,,,,,,,,,,17,,1,,26,,,,,,,,,,,,,,,,,,,,,,,2,,,,,,,,,,,,17,670,7,2,,,48,,,3,,,266,1,,,2,,,,8,,,3,,,,,,,,,,,,,,,,,,1,1,,17,,,17,,,,1,,1,,3,
382,4413,2,,,,255,,1,,,,3,,6,1,101,,,,,4,,,,,,,,,,,,,1,,,112,,,,,,,,,,,,8,,1,1,12,,,,,,,,,,,,,,,,,,,,,,,4,,,,,1,,,,,,,11,740,3,1,,,16,1,,,,,165,,,,,,,,3,,,,,,,,,,,,,,,,,,,,,,1,,18,,,13,,,,,,,,,
389,4468,2,1,,,288,,1,,,,,,2,,138,,,,,7,,,,,,,,,,,,,1,,,112,,,,,,,,,,,,11,,,1,17,,,,,,,,,,,,,,,,,,,,,,,1,,,,,,,,,,,,11,502,4,,,,21,,,2,,,231,,,,2,,,1,,,,1,,,,,,,,,,,,,,,,,,5,,,8,,,9,,,,,,,,,
396,4524,2,1,,,241,,,,,,1,,7,,104,,,,,12,,,,1,,,,,,,,,,,,91,,,,,,,,,,,,14,,2,,9,,,,,,,,,,,1,,1,,,,,,,,,,,,,,,,,,,,,,18,622,3,,,,36,,,2,1,,192,,,,1,,,1,1,,,4,,,,,,,,,,,,,1,,,,,2,,,13,,,12,,,,,,,,,
403,4580,2,,,,280,,,,,,,,10,1,111,,,,,16,,,,2,,,,,,,,,1,,,164,,,,,,,,,,,,3,,1,,21,,,,,,,,,,,1,,,,,,,,,1,,,,,,,,,,,,,,,11,642,5,,,,43,1,,1,,,168,,,,,,,1,6,,,1,,,,,,,,,,,1,,,,,,,1,,,10,,,11,,,,1,,,,,
410,4636,1,,,,200,,,,,,,,7,,115,,,1,,8,,,,1,,,,1,,,,,,,,103,,,,,,,,1,,,,10,,1,,10,,,,,,,,,,,1,,,,,,,,,,,,1,,,,,,,,,,,,22,730,,,,,38,,,5,,,124,,,,1,,,,3,,,4,,,,,,,,,,,,,1,,,,,,,,13,,,9,3,,,,,,,,
417,4692,2,,,,306,,,,,,,,5,1,134,,,1,,11,,,,2,,,,,,,,,2,,,137,,,,,,,,,,,,13,,,,17,2,,,,,,,,,,,,,,,,,,,1,,,1,,,,,,,,,,,,31,583,6,,,,33,,,1,,,231,,,,1,,,,1,,,2,,,,,,,1,,,,,,,,,,,2,,,17,,,13,,,,,,,,,
424,4748,,,,,331,,,1,,,5,,5,,130,,,,,13,,,,1,,,,,,,2,,1,,,138,,,,,,,,,,1,,7,,1,,23,,,,,,,,,,,,,,,,,,,,,,,,,1,,,,,,,,,,19,626,1,,,,37,,,3,,,149,,,,2,,,,,,,4,,,,,,,1,,,,,,,,,,,1,,,15,,,11,,,,,,,,,
429,4788,2,1,1,,284,,,,,,2,,7,,167,,,,,10,1,,,4,,,,,,,,,,,,105,,,,,,,,,,,,15,,,,23,,,,,,,,,,,,,,,,,,,,,,,1,,,,,,,,,,,,12,771,4,,,,28,,,3,,,253,,,,2,,,3,3,,,,,,,,,,1,,,,,,,,,,,1,,,19,,,13,,,,2,,,,,
436,4844,1,,1,,276,,1,,,,,,4,,140,,,,,13,,,,2,,,,,,,1,,,,,121,,,,,,,,,,,,6,,,,18,1,,,,,,,,,,1,,,,,,,,,,,,1,,,,,,,,,,,,11,543,2,,,,28,,,,,,200,,,,,,,,2,,,,,,,,,,1,,1,,,,,,,,,,2,,6,,,14,,,,,,,,,
443,4900,2,1,,,243,,2,,,,2,,11,,125,,,,,14,,,,2,,,,,,,,,1,,,100,,,,,,,,,,,,13,,1,,15,,,,,,,,,,,,,,,,,,,,,,,3,,1,,,1,,,,,,,20,651,3,,,,33,,,4,,,173,,,,,,,1,2,,,1,,,,,,,,,,,,,,,,,,1,,,12,,,12,,,,,,,,1,
450,4956,1,,,,247,,1,,,,1,,13,,131,,,,,13,,,,,,,,,,,,,,,,120,,,,,,,,,,,,5,,1,,18,,,,,,,,,,,1,,,,,,,,,,,,1,,,,,,,,,,,,18,633,6,,,,54,,,2,,,179,,,,,,,,1,,,2,,,,,,,1,,,,1,,,,,,,1,,,19,,,11,,,,,,,,,
457,5011,1,,,,330,,,,,,2,,6,1,99,,,1,,11,,,,1,,,,,,,,,,,,95,,,,,,,,,,,,19,,1,,14,,,,,1,,,,,,3,,,,,,,,,1,,,,,1,,,,,,,,,,22,698,3,,,,36,1,,1,1,,144,,,,2,,,,2,1,,3,,,,,,,1,,,,,,1,1,,,,2,,,7,,,9,2,,,,,,,1,
464,5067,1,1,,,258,,1,,,,3,,9,,116,,,1,,7,,,,,,,,,,,,,,,,153,,,,,,,,,,,,6,,2,1,19,,,,,,,,,,,,,,,,,,,,1,,,,,1,,,,,,,,,,22,635,5,,,,47,,,2,,,164,,,,,,,1,2,,,3,,,,,,,,,,,,,,,,,,,1,,13,,,8,,,,,,,,3,
471,5123,,,,,230,,,,,,2,,8,,113,,,,,8,,,,,,,,,,2,,,2,,,112,,,,,,,,,,,,11,,,,18,,,,,,,,,,,1,,,,,,,,,1,,,,,,,,,,,,,,,17,737,3,1,,,32,,,3,,,157,,,,,,,,2,,,1,,,,,,,,,,,,,,,,,,2,,,15,,,9,1,1,,,,,,,
478,5179,,,,,210,,1,,,,2,,3,2,70,,,,,6,,,,2,,,,,,,,,,,,103,,,,,,,,,,,,5,,1,,12,,,,,,,,,,,,,,,,,,,,,,,,,,,,,,,,,,,20,760,4,,,,19,,,1,,,100,,,,,,,,1,,,1,,,,,,,,,,,,,,,,,,,,,17,,,6,,,,,,,,,
485,5235,1,2,,,176,,1,,,,2,,7,,71,,,,,8,,,,1,,,,1,,,,,3,,,102,,,,,,,,,,,,7,,,,14,,,,,,,,,,,1,,,,,,,,,,,,4,,,,,,,,,,,,24,816,3,,,,27,,,2,,,89,,,,,,,1,1,,,1,,,,,,,,,,,,,,,,,,2,,,14,,,2,,,,1,,,,,
492,5291,,,,,187,,,,,,3,,1,,101,,,,,3,,,1,2,,,,,,,,,,,,106,,,,,,,,,,,,11,,,,15,,,,,,,,,,,1,,,,,,,,,,,,1,,,,,,,,,,,,18,847,1,,,,16,,,1,,,87,,,,,,,,,,,,,,,,,,,,,,,,,,,,,,,,11,,,1,,,,,,,,,
499,5347,1,1,,,186,,1,1,,,,,6,,63,,,,,6,,,,3,,,,,,,,,1,,,168,,,,,,,,,,,,8,,1,,22,,,,,,,,,,,,,,,,,,,,1,,,5,,,,,,,,,,,,15,881,1,,,,26,1,,3,,,128,,,,1,,,,1,,,1,,,,,,,1,,,,,,,,,,,,,,11,,,2,,,,1,,,,,
506,5403,1,3,,,195,,,,,,2,,10,,45,,,,,6,,,,,,,,,,,1,,1,,,136,,,,,,,,,,,,5,,1,,15,,,,,,,,,,,2,,,,,,,,,,,,1,,,,,,,,,,,,29,844,3,,,,32,,,2,,,124,,1,,,,,,7,,,,,,,,,,1,,,,,,,,,,,7,,,21,,,2,,,,,,,,,
513,5459,,1,,,172,,,,,,,,12,,38,,,,,3,,,,1,,,,,,,,,1,,,141,,,,,,,,,,,,8,,1,,20,,,,,,,,,,,1,,,,,,,,,,,,,,,,,,,,,,,,16,884,7,,,,28,,,4,,,103,,1,,,,,,1,,,2,,,,,,,,,,,,,2,,,,,2,,,24,,,15,,,,1,,,,,
520,5515,,1,,1,142,,,,1,,1,,12,,45,,,,,5,,,,3,,,,,,,,,,,,139,,,,,,,,,,,,8,,,,13,,,,,,,,,,,1,,,,,,,2,,,,,2,,,,,,,,,,,,14,866,,,,,21,,,2,,,110,,,,,,,,2,,,,,,,,,,,,,,,,1,,,,,4,,,12,,,20,,,,,,,,,
523,5538,,,,,250,,3,,,,,,9,,90,,,,,9,,,,1,1,,,,,,,,2,,,158,,,,,,,,,,,,6,,1,1,34,,,,,1,,,,,,,,,,,,,,,1,,,2,,,,,,,,,,,,12,679,1,,,,31,,,3,,,204,,1,,3,,,3,1,,,3,,,,,,,,,,,,,,,,,,5,1,,20,,,30,1,,,,,,,,
527,5570,1,1,,,226,,,,,,2,,4,,115,,,1,,6,,,,,,,,,,,,,,,,106,,,,,,,,,,,,9,,1,,26,,,,,1,,,,,,,,,,,,,,,,,,1,,,,1,,,,,,,,13,622,1,,,,26,1,,2,,,162,,1,,1,,,2,1,,,4,,,,,,,,,,,,,,,,,,3,,,6,,,22,,,,,,,,,
531,5602,2,,,,203,,,,,,1,,3,,97,,,,,13,,,,3,,,,,,,1,,,,,69,,,,,,,,,,,,5,,1,1,30,,,,,,,,,,,,,,,,,,,,,,,1,,,,,,,,,,,,11,713,2,,,,31,1,,6,,,147,,,,,,,,2,,,1,,,,,,,,,,,,,,,,,,,1,1,21,,,29,,,,,,,,,
538,5658,,,,,183,,1,1,1,,2,,2,,92,,,,,10,,,,,,,,1,,,,,4,,,70,,,,,,,,,,,,7,,,,23,,,,,,,,,,,,,,,,,,,,,,,,,,,,,,,,,,,12,734,4,,,,19,1,,2,,,140,,,1,,,,,2,,,2,,,,,,,,,,,,,,,,,,2,,,17,,,18,,,,,,1,,,
545,5714,,,,,195,,,,,,2,,2,,91,,,,,9,,,,,,,,,,1,,,,,,85,,,,,,,,,,,,6,,1,,23,,,,,,,,,,,,,,,,,,1,,,,,1,,,,,,,,,,,,13,765,,,,,15,,,3,,,127,,1,,,,,1,2,,,3,,,,,,,,,,,,,,,,,,2,,,14,,,22,,,,,,,,1,
552,5770,,2,,,175,,,,,,,,3,1,80,,,1,,11,,,,,,,,,,,,,1,,1,81,,,,,,,,,,,,4,,,,20,,,,,2,,,,,,,,,,,,,,,,,,,,,,,,,,,,,,16,732,1,,,,17,,,4,,,132,,,,1,,,,1,,,,,,,,,,2,,,,,,1,,,,,1,,,21,,,12,1,,,,,,,,
559,5826,,,,,205,,,,,,3,,4,1,89,,,1,,4,,,,,,,,,,,2,,,,,93,,,,,,,,,,,,7,,,,28,,,,,1,,,,,,1,,,,,,,1,,1,,,,,,,,,,,,,,,14,713,5,,,,24,,,2,,,157,,,,,,,1,2,,,1,,,,,,,2,,,,,,,,,,,3,1,,12,,,23,1,,1,,,,,1,
566,5882,1,2,,,222,,,,,,1,,6,1,83,,,,,13,,,,1,,,,,,,1,1,1,,,80,,,,,,,,,,,,8,,1,,28,,,,,,,,,,,,,,,,,,1,,,,,1,,,,,,,,,,,,20,779,1,,,,30,,,3,,,104,,,,,,,,2,,,,,,,,,,,,,,,,,,,,,3,,,16,,,19,,,,,,,,,
573,5938,1,2,,,199,,1,,,,1,,,,127,,,,,11,,,,,,,,,,,,,,,,85,,,,,,,,,,1,,4,,1,1,32,,,,,,,,,,,,,,,,,,,,,,,,,,,,,,,,,,,34,698,3,,,,32,,,1,,,124,,,,1,,,,,,,1,,,,,,,1,,,,,,,,,,,1,,,19,,,23,,,,1,,,,,
580,5994,1,3,,,198,,,,,,1,,2,,93,,,,,7,,,,,,,,,,,,,,,,73,,,,,,,,,,,,3,,3,,13,,,,,,,,,,,,,,,,,,,,,,,,,,,,,,,,,,,15,875,3,,,,20,,,,,,120,,,,,,,,,,,1,,,,,,,,,,,,,,,,,,,1,,18,,,21,,,,,,,,,
587,6050,,,,,216,,,,,,,,4,,86,,,,,6,,,,,,,,,,,,,1,,,89,,,,,,,,,,,,4,,1,,20,,,,,1,,,,,,,,,,,,,,,,,,,,,,,,,,,,,,9,776,3,,,,34,1,,2,,,116,1,2,,1,,,1,4,,,1,,,,,,,,,,,,,,,,,,,1,,13,,,24,,,,,,,,1,
594,6105,,1,,,255,,,,,,,,5,,80,,,,,9,,,,,,,,,,,,,1,,,92,,,,,,,,,,,,6,,2,,12,,,,1,,,,,,,,,,,,,,,,,,,1,,,,,,,,,,,,20,719,2,,,,21,,,2,,,116,,,,,,,,1,,,,,,,,,,,,,,,,,,,,,1,,,17,,,19,,,,,,1,,,
601,6161,1,1,1,,261,,,1,1,,,,7,,109,,,,,15,1,,,1,,,,,,,1,,,,,123,,,,,,,,,,,,6,,2,,16,,,,,,,,,,,,,,,,,,,,,,,1,1,,,,,,,,,,,16,757,2,,,,36,,1,1,,,143,,,,,,,,1,,,3,,,,,,,,,,,,,,,,,,,,,21,,,19,,,,,,,,,
608,6217,,1,,,175,,,,,,4,,1,,82,,,,,5,,,,,,,,,,1,,1,,,,159,,,,,,,,,,,,1,,1,1,18,,,,,,,,,,,,,,,,,,,,,,,1,,,,,,,,,,,,6,795,,1,,,17,,,,,,111,,,,,,,,1,,,,,,,,,,,,,,,,,,,,,,,,23,,,11,,,,,,,,,
615,6273,,1,,,205,,,,,,,,4,,59,,,,,11,,,,,,,,,,,,,1,,,149,,,,,,,,,,,,3,,1,,11,,,,,,,,,,,1,,,,,,,,,,,,,,,,,,,,,,,,15,780,,1,,,18,,,,,,124,,,,1,,,,,,,1,,,,,,,,,,,,,4,,,1,,,,,26,,,13,,,,1,,,,,
622,6329,1,1,,,198,,,,,,,,3,,61,,,,,13,,,,,,,,,,,1,,1,,,165,,,,,,,,,,,,1,,,,9,,,,,,,,,,,,,,,,,,,,,,,,,,,,,,,,,,,7,799,,,,,25,,,1,,,104,,,,1,,,,1,,,1,,,,,,,,,,,,,,,,,,,1,,20,,,12,,,,,,,,,
632,6409,,1,,,237,,,,,,,,6,2,63,,,,,5,,,,,,,,,,,,,,,,119,,,,,,,,,,,,3,,1,,22,,,,,,,,,,,,,,,,,,,,,,,1,,,,1,,,,,,,,18,753,1,,,,24,,,1,,,128,,,,,,,,,,,2,,,,,,,,,,,,,,,,,,,1,,16,,,16,,,,,,,,,
639,6465,,1,,,302,,1,,,,1,,9,,115,,,1,,10,,,,,,,,,,,2,,,,,133,,,,,,,,,,,,5,,1,,21,,,,,,,,,,,,,,,,,,1,,,,,2,,,,1,,,,,,,,11,623,7,1,,,31,,,3,,,174,,,,1,,,1,2,,,,,,,,,,,,,,1,,,,,,,1,,,15,,,14,,,,,,,,,
646,6521,,2,,,221,,,,,,2,,3,1,121,,,,,8,,,,,,,,,,,,,,,,122,,,,,,,,,,,,1,,1,,20,,,,,,,,,,,,,,,,,,,,,,,,,,,,,,,,,,,8,733,7,,1,,23,1,,4,,,132,,,,,,,1,1,1,,1,,,,,,,,,,,,,,,,,,,,,22,,,24,,,,1,,,,,
653,6577,,1,1,,267,,1,,,,,,3,1,115,,,1,,14,1,,,,,,,,,,1,,,,,216,,,,,,,,,,,,1,,1,,28,,,,,,,,,,,1,,,,,,,,,,,,3,,,,,,,,,,,,9,755,2,,,,33,,,3,,,128,,,,1,,,1,1,,,1,,,,,,,,,,,,,,,,,,,,,25,,,7,,,,,,1,,1,
660,6632,,,2,,217,,1,,,,1,,7,,74,,,,,19,,,,,,,,,,,,,,,,168,,,,,,,,,,,,1,,1,1,24,,,,,,,,,,,1,,,,,,,,,,,,,,,,,,,,,,,,10,766,,,,,32,,,5,,,113,,,,,,,,,,,1,,,,,,,,,,,,,,,,,,,,,23,,,18,,,,,,,,,
667,6688,,,,,158,,,,,,3,,6,1,57,,,,,10,,,,,,,,,,,,,1,,,168,,,,,,,,,,,,1,,1,,14,,,,,,,,,,,,,,,,,,,,,,,,,1,,,,,,,,,,15,932,,1,,,21,,,1,,,90,,,,1,,,1,,1,,,,,,,,,1,,,,,,,,,,,,1,,21,,,14,,,,,,1,,,
674,6744,,1,,,169,,,,,,1,,4,,63,,,,,7,,,,,,,,,,,,,2,,,133,,,,,,,,,,,,2,,1,,27,,,,,,,,1,,,,,,,,,,,,1,,,1,,1,,,,,,,,,,9,808,,,,,16,,,5,,,95,,,,,,,,1,,,3,,,,,,,,,,,,,,,,,,,,,12,,,7,,,,,,1,,,
681,6800,,,,,211,,,,,,2,,1,1,102,,,,,11,,,,,,,,,,,,,,,,180,,,,,,,,,,,,3,,,1,28,,,,,,,,,,,2,,,,,,,,,,,,,,,,,,,,,,,,16,718,,,,,21,,,1,,,153,,,,,,,,2,,,3,,,,,,,1,,,,,,,,,,,,1,,18,,,15,,,,,,1,,,
688,6856,,,,,175,,,,,,,,,,95,,,,,8,,,,,,,,,,,,,,,,132,,,,,,,,,,,,1,,,1,22,,,,,,,,,,,,,,,,,,,,,,,,,,,,,,,,,,,10,821,,,,,22,,,5,,,162,,,,1,,,,3,1,,1,,,,,,,,,,,,,,,,,,,1,1,18,,,15,,,,1,,,,,
695,6912,,,,,230,,1,,,,3,,2,1,128,,,1,,11,,,,,,,,,,,,,3,,,153,,,,,,,1,,,,,1,,,,18,,,,,1,,,,,,,,,,,,,,,,,,,,,,,,,,,,,,17,640,,,,,47,,,4,,,173,,,,1,,,,1,,,4,,,,,,,,,,,,,,,,,,,,,20,,,38,,,,,,,,1,
702,6968,,,,,249,,1,,,,1,,3,2,117,,,,,16,,,,,,,,,,,,,1,,,119,,,,,,,,,,,,,,,1,30,,,,,1,,,,,,2,,,,,,1,,,,,,,,,,,,,,,,,,19,714,,,,,31,,,5,,,154,,,,,,,,1,,,2,,,,,,,,,,,,,,,,,,,,,21,,,40,,,,,,,,,
709,7024,,,,,206,,,,,,,,4,,93,,,,,10,,,,,,,,,,,1,,,,,143,,,,,,,,,,,,1,,,,31,,,,,,,,,,,,,,,,,,,,,,,,,,,,,,,,,,,8,671,,,,,28,,,1,,,145,,,,,,,1,1,,,,,,,,,,,,,,,,,,,,,,,,16,,,29,,,,,,,,,
716,7080,,,,,190,,,,,,,,5,1,101,,,,,3,,,,,,,,,,1,,,,,,123,,,,,,,,,,,,1,,1,,23,,,,,1,,,,,,1,,,,,,,,,,,,,,,,,,,,,,,,16,835,,,,,19,,,2,,,109,,,,,,,,1,,,1,,,,,,,,,,,,,,,,,,,1,,17,,,26,,,,,,,,,
723,7136,,,1,,212,,,,3,,1,,,,102,,,,,8,1,,,,,,,,,,1,,,,,117,,,,,,,,,,,,,,,,25,,,,,1,,,,,,,,,,,,,,,,,,,,,,1,,,,,,,,12,698,,,,,18,,,1,,,135,,,,,,,,,,,,,,,,,,,,,,,,,,,,,,,,18,,,18,,,,,,,,,
730,7191,,,,,242,,,1,,,,,3,1,143,,,,,13,,,,,,,,,,,,,,,,120,,,,,,,,,,,,,,,,30,,,,,,,,,,,,,,,,,,,,,,,,,,,,,,,,,,,6,668,,,,,20,,,6,,,136,,,,,,,,2,,,,,,,,,,,,,,,,,,,,,1,,,18,,,42,,,,,,,,,
736.5,7243,,,,,199,,,,,,,,1,,117,,,,,10,,,,2,,,,,,,,,,,,130,,,,,,,,,,,,,,3,,31,,,,,1,,,,,,,,,,,,,,,,,,1,,1,,,,,,,,,,10,714,,,,,20,,,1,,,118,,,,,,,1,,,,1,,,,,,,,,,,,,,,,,,,1,,16,,,26,,,,,,,,,
743,7295,,1,,,183,,,,,,1,,4,2,101,,,,,9,,,,,,,,,,,,,,,,108,,,,,,,,,,,,2,,1,,27,,,,,1,,,,,,1,,,,,,,,,1,,,1,,,,,,,,,,,,8,799,,,,,36,,,2,,,117,,,,,,,,1,,,1,,,,,,,,,,,,,,,,,,,,,17,,,49,,,,,,,,,
749.5,7347,,,,,182,,,,,,2,,1,,119,,,,,9,,,,,,,,,,,,,,,,90,,,,,,,,,,,,1,,,,22,,,,,,,,,,,,,,,,,,,,1,,,,,,,,,,,,,,,8,811,,,,,20,,,1,,,93,,,,,,,,1,,,6,,,,,,,,,,,1,,,,,,,,,,26,,,26,,,,,,2,,1,
756,7399,,,,,223,,,,,,,,2,1,110,,,,,16,,,,,,,,,,,,,,,,89,,,,,,,,,,1,,,,,,14,,,,,,,,,,,1,,,,,,,,,,,,2,,,,,,,,,,,,13,821,,,,,29,,,,,,83,,,,,,,,1,,,2,,,,,,,,,,,,,,,,,,,,,16,,,26,,,,,,,,,
762.5,7451,,2,,,190,,,,,,1,,1,2,79,,,,,10,,,,,,,,,,,,,4,,,116,,,,,,,,,,,,,,,1,31,,,,,,,,,,,1,,,,,,,,,,,,,,1,,,,,,,,,,11,731,,,,,24,,,3,,,122,,,,,,,,,,,2,,,,,,,,,,,,,,,,,,,1,,19,,,28,,,,,,,,1,
769,7503,,,,,141,,,,,,,,2,,88,,,,,6,1,,,,,,,,,,1,,1,,,77,,,,,,,,,,,,1,,,,18,,,,,,,,,,,,,,,,,,,,,,,,,,,,,,,,,,,8,940,,,,,26,,,3,,,91,,,,,,,,,,,2,,,,,,,,,,,,,,,,,,,1,,12,,,36,,,,1,,,,,
775.5,7555,,,,,153,,,,,,,,4,3,94,,,,,8,,,,,,,,,,,1,,1,,,86,,,,,,,,,,1,,1,,,,16,,,,1,,,,,,,,,,,,,,,,,,,,,,,,,,,,,,,4,837,,,,,20,,,4,,,95,,,,1,,,,,1,,1,,,,,,,,,,,,,,,,,,,,,13,,,27,,,,1,,,,,
782,7607,,,,,184,,1,,,,,,4,,122,,,,,8,,,,,,,,,,,,,,,,92,,,,,,,,,,,,,,,,31,,,,,,,,,,,,,,,,,,,,,,,1,,,,,,,,,,,,11,805,,,,,33,,,2,,,136,,,,1,,,1,,,,2,,,,,,,,,,,,,,,,,,,,,26,,,34,,,,,,,,,
788.5,7659,,,,,162,,,1,,,2,,4,,107,,,,,13,,,2,,,,,,,,,,,,,130,,,,,,,1,,,,,1,,,,22,,,,,,,,,,,,,,,,,,,,,,,,,,,,,,,,,,,11,843,,1,,,30,,,1,,,129,,,,,,,1,1,,,2,,,,,,,1,,,,,,,,,,,,,,12,,,38,,,,,,,,1,
795,7710,,1,,,145,,1,,,,1,,1,,67,,,,,12,,,,,,,,,,,,,1,,,93,,,,,,,,,,,,2,,1,,27,,,,,,,,,,,1,,,,,,,,,,,,,,,,,,,,,,,,5,949,,,,,19,,,5,,,99,,,,,,,1,,,,2,,,,,,,,,,,,,,,,,,,,,21,,,36,,,,,,,,1,
801.5,7762,,1,,,179,,,,,,1,,1,,98,,,,,9,,,,,,,,,,,,,1,,,118,,,,,,,,,,,,2,,,,22,,,,,1,,,,,,,,,,,,,,,,,,1,,,,,,,,,,,,10,902,,,,,26,,,3,,,101,,,,,,,,3,,,2,,,,,,,1,,,,,,,,,,,,2,,22,,,23,,,,,,,,,
808,7814,,,,,167,,,,,,1,,1,,141,,,,,9,,,,,,,,,,,,,,,,115,,,,,,,,,,,,3,,,,22,,,,,1,,,,,,,,,,,,,,,,,,1,,,,,,,,,,,,13,868,,,,,22,,,2,,,153,,2,,1,,,,1,,,,,,,,,,,,,,,,,,,1,,,,,11,,,25,,,,,,1,,,
814.5,7866,,,,,179,,2,,,,,,4,2,121,,,1,,7,,,,,,,,,,,1,,2,,,127,,,,,,,,,,,,,,1,,25,,,,,,,,,,,,,,,,,,,1,,,,,,,,,,,,,,,,8,682,,,,,22,,,2,,,168,,1,,1,,,,2,,,3,,,,,,,,,,,,,,,,,,,,,19,,,50,,,,1,,,,,
821,7918,,,,,158,,,,,,1,,8,,125,,,,,7,,,,,,,,,,,,,2,,,123,,,,,,,,,,,,1,,,,21,,,,,,,,,,,1,,,,,,,,,,,,,,,,,,,,,,,,13,879,,,,,26,,,3,,,147,,,,,,,,1,,,2,,,,,,,,,,,,,,,,,,,,,17,,,43,,,,,,,,,
827.5,7970,,,,,141,,,,,,1,,2,1,82,,,,,4,,,,,,,,,,,,,1,,,95,,,,,,,,,,,,,,,,20,,,,,,,,,,,2,,,,,,,,,,,,1,,,,,,,,,,,,6,835,,,,,20,,,3,,,122,,,,,1,,,,,,2,,,,,,,,,,,,,,,,,,,,,16,,,45,1,,,,,,,,
836,8038,,,,,206,,1,,,,,,,,91,,,,,5,,,,,,,,,,,1,,,,,58,,,,,,,,,,,,,,,,16,,,,,2,,,,,,,,,,,,,,,,,,1,,,,1,,,,,,,,7,916,,,,,18,,,3,,,111,,,,,,,1,,,,,,,,,,,,,,,,,,,,,,,,,18,,,35,,,,,,1,,,
843,8094,,,,,184,,,,,,1,,4,,98,,,,,4,,,,,,,,,,,,,1,,,75,1,,,,,,,,,,,1,,,,27,,,,,2,,,,,,,,,,,,,,,,,,,,,,1,,1,,,,,,4,873,,,,,33,,,2,,,87,,,,,,,,,,,1,,,,,,,,,,,1,,,,,,,,,,14,,,26,,,,,,,,,
850,8150,,,,,135,,1,,,,2,,4,,86,,,,,6,,,1,,,,,,,,1,,,,,78,,,,,,,,,,,,,,1,,22,,,,,2,,,,,,,,,,,,,,,,,,,,,,,,,,,,,,8,1016,,,,,25,,,2,,,84,,,,,,,1,4,1,,,,,,,,,,,,,,,,,,,,,,,16,,,23,1,,,,,,,,
857,8206,,,,,147,,1,,,,,,10,,94,,,,,10,,,,,,,,,,,,,1,,,86,,,,,,,,,,,,,,2,,23,,,,,,,,,,,1,,,,,,,,,,,,,,,,,,,,,,,,7,957,,,,,21,,,3,,,68,,,,,,,,1,,,3,,,,,,,,,,,1,,,,,,,,1,,21,,,24,1,,,,,,,1,
864,8261,,,,,138,,1,,,,1,,2,1,73,,,1,,6,,,,,,,,,,,,,1,,1,99,,,,,,,,,,,,1,,,,18,,,,,,,,,,,1,,,,,,,,,,,,,,,,,,,,,,,,5,947,,,,,28,,,1,,,74,,,,,,,,,,,3,,,,,,,,,,,,,,,,,,,,,10,,,42,,,,,,,,,
871,8317,,,,,130,,,,,,1,,4,1,80,,,1,,3,,,,,,,,,,,1,,1,,,103,,,,,,,,,,,,1,,3,,15,,,,,,,,,,,1,,,,,,,,,1,,,,,,,1,,,,,,,,6,900,,,,,40,,,3,,,93,,,,,,,2,2,,1,,,,,,,,,,,,,,,,,,,,1,,22,,,33,1,,,,,,,,
878,8373,,,,,202,,,,,,,,3,,100,,,,,6,,,,,,,,,,,,,1,,,108,,,,,,,,,,,,,,1,,13,,,,,,,,1,,,,,,,,,,,,,,,1,,,,,,,,,,,,4,786,,,,,19,,,2,,,137,,,,,,,,,,,2,,,,,,,,,,,,,,,,,,,,,24,,,28,,,,,,,,,
885,8429,,,,,126,,,,,,,,6,,94,,,,,9,,,,,,,,,,,1,,3,,,66,,,,,,,,,,,,,,1,,17,,,,,2,,,,,1,,,,,,,,,,,,,,,,,,,,,,,,,10,939,,,,,24,,,4,,,112,2,,,,,,,,,,2,,,,,,,,,,,,,,,,,,,2,,8,,,34,,,,,,1,,,
892,8485,,,,,130,,,,,,1,,4,,95,,,,,5,,,,,,,,,,,,1,2,,,91,,,,,,,,,,,,,,2,,24,,,,,,,,,,,,,,,,,,,,,,,,,,,,,,,,,,,4,998,,,,,43,,,3,,,105,,,,,,,1,,,,,,,,,,,,,,,,,,,,,,,2,,21,,,29,,,,1,,,,,
899,8541,,,1,,134,,,,,,,,5,,103,,,,,8,,,,,,,,,,,,,1,,,81,,,,,,,,,,,,,,,,24,,,,,1,,,,,,,,,,,,,,,,,,,,,,,,,,,,,,4,835,,,,,36,,,6,,,79,,,,1,,,1,2,,,2,,,,,,,,,,,,,,,,,,,,,8,,,23,,,,,,,,,
906,8597,,,,,140,,,,,,1,,5,2,80,,,,,2,,,,,,,,,,,,,1,,,123,,,,,,,,,,,,1,,1,,26,,,,,2,,,,,,,,,,,,,,,,,,1,,,,,,,,,,,,6,888,,,,,27,,,2,,,101,,,,,,,,,,,,,,,,,,,,,,1,,,,,,,,,,8,,,30,,,,,,,,,
916,8677,,,,,150,,,,,,1,,1,1,85,,,,,6,,,,,,,,,,,,,,,,124,,,,,,,,,,,,,,2,,27,,,,,,,,,,,1,,,,,,,,,,,,,,,,,,,,,,,,7,999,,,,,28,,,4,,,98,,1,,,,,,2,,,,,,,,,,,,,,,,,,,,,,1,,8,,,38,,,,,,,,,
923,8733,,,,,149,,,,,,,,6,,127,,,,,11,,,,,,,,,,,,,,,,119,,,,,,,,,,,,,,,1,24,,,,,,,,,,,,,,,,,,,,,,,,,,,,,,,,,,,,867,,,,,32,,,1,,,94,,,,,,,,2,,,,,,,,,,,,,,1,,,,,,,,,,14,,,32,,,,,,,,3,
930,8788,,,,,156,,,,,,1,,3,1,76,,,,,7,,,,,,,,,,,,,,,,103,,,,,,,,,,,,,,1,,23,,,,,1,,,,,,,,,,,,,,,,,,,,,,,,,,,,,,2,1018,,,,,34,,,3,,,100,,,,1,,,,,,,2,,,,,,,1,,,,,,,,,,,,,,10,,,45,,,,,,,,1,
937,8844,,,,,187,,1,,,,2,,2,1,110,,,,,5,,,,,,,,,,,,,,,,89,,,,,,,,,,,,1,,3,,18,,,,,,,,,,,,,,,,,,,,,,,1,,,,,,,,,,,,8,949,,,,,39,,,2,,,90,,,,,,,1,,,,1,,,,,,,,,,,,,,,,,,,,,13,,,29,,,,,,,,1,
944,8900,,,,,188,,,,,,,,4,,71,,,,,4,,,1,,,,,,,,,,,,,84,,,,,,,,,,1,,1,,,,16,,,,,,,,,,,,,,,,,,,,,,,1,,,,,,,,,,,,8,905,,,,,42,,,1,,,81,,1,,,,,1,2,,,,,,,,,,,,,,,,,,,,,,1,,17,,,27,,,,,,,,,
951,8956,,,,,144,,,,,,,,1,,82,,,,,11,,1,,,,,,,,,,,,,,76,,,,,,,,,,,,,,1,,9,,,,,,,,,,,1,,,,,,,,,,,,,,,,,,,,,,,,7,935,,,,,45,,,8,,,62,,,,,,,,1,,,2,,,,,,,,,,,,,,,,,,,,,14,,,19,,,,,,,,1,
958,9012,,,,,159,,1,,,,,,3,,91,,,,,10,,,,,,,,,,,,,1,,,91,,,,,,,,,,,,,,,,8,,,,,1,,,,,,1,,,,,,,,,1,,,,,,,,,,,,,,,1,941,,,,,35,,,1,,,85,,,,,,,,1,,,,,,,,,,,,,,,,,,,,,,,,20,,,39,,,,,,,,,
965,9068,,,,,164,,,,,,,,2,,95,,,1,,7,,,,,,,,,,,,,1,,,123,,,,,,,,,,,,,,1,,14,,,,,1,,,,,,1,,,,,,,,,,,,,,,,,,,,,,,,4,920,,,,,25,,,2,,,97,,1,,,,,1,,,,1,,,,,,,,,,,,,,,,,,,1,,19,,,40,,,,,,,,,
972,9124,,,,,157,,,1,,,1,,2,,81,,,,,3,,,,,,,,,,,,,2,,,103,,,,,,,,,,,,1,,,,14,,,,,1,,,,,,1,,,,,,,,,,,,,,,,,,,,,,,,3,922,,,,,13,,,3,,,82,,,,1,,,,,,,,,,,,,,,,,,,,,,,1,,,,,21,,,52,,,,,,,,1,
979,9180,,,,,160,,2,,,,,,7,,86,,,,,4,,,,,,,,,,,1,,,,,103,,,,,,,,,,,,,,,,16,,,,,,,,,,,,,,,,,,,,,,,,,,,,,,,,,,,5,981,,,,,30,,,3,,,81,,,,,,,1,2,,,3,,,,,,,,,,,,,,,,,,,,,17,,,35,,,,,,,,,
986,9236,,,,,174,,,,,,,,1,,73,,,,,6,,,,,,,,,,,,,1,,,84,,,,,,,,,,,,,,1,,10,,,,,,,,,,,,,,,,,,,,,,,,,,,,,,,,,,,3,944,,,,,19,,,4,,,90,,,,,,,1,1,,,2,,,,,,,,,,,,,,,,,,,1,,11,,,18,,,,,,,,,
993,9292,,,,,134,,,1,,,1,,3,,79,,,,,10,,,,,,,,,,,,,,,,120,,,,,,,,,,,,,,1,,5,,,,,1,,,,,,,,,,,,,,,2,,,,,,,,,,,,,,,1,979,,,,,26,,,3,,,70,,1,,,,,,1,,,1,,,,,,,,,,,,,,,,,,,,,17,,,25,,,,,,,,,
1000,9347,,,,,116,,,,,,,,4,,100,,,,,2,,,,,,,,,,,2,,4,,,76,,,,,,,,,,,,,,2,,3,,,,,,,,,,,1,,,,,,,,,,,,,,,,,,,,,,,,3,948,,,,,20,,,1,,,69,,,,1,,1,1,2,,,4,,,,,,,,,,,,,,,,,,,,1,11,,,23,,,,,,,,1,
1007,9403,,,,,152,,1,,,,1,,2,1,95,,,,,4,,,,,,,,,,,,,,,,62,,,,,,,,,,,,,,,,7,,,,,1,,,,,,,,,,,,,,,1,,,,,,,,,,,,,,,1,914,,,,,28,,,3,,,60,,,,,,,,1,,,,,,,,,,,,,,,,,,,,,,1,,22,,,31,,,,,,,,2,
1014,9459,,,1,,166,,,,,,3,,5,1,155,,,,,4,,,,,,,,,,,,,,,,84,,,,,,,,,,,,,,,,5,,,,,,,,,,,,,,,,,,,,,,,,,,,1,,,,,,,,2,951,,,,1,49,,,5,,,56,,1,,,,,,,,,3,,,,,,,,,,,,,,,,,,,1,,12,,,35,,,,,,,,,
1021,9515,,,,,139,,,,,,,,5,1,133,,,,,1,,,,,,,,,,,,,1,,,112,,,,,,,,,,,,,,1,,3,,,,,,,,,,,1,,,,,,,,,,,,,,,,,,,,,,,,10,907,,,,,43,,,2,,,70,,,,,,,1,1,,,3,,,,,,,,,,,,,,,,,,,1,,12,,,28,,,,,,,,,
1033,9611,,,,,144,,2,,,,,,1,1,113,,,,,6,1,,,,,,,,,,,,,,,130,,,,,,,,,,,,,,,,4,,,,,,,,,,,2,,,,,,,,,,,,1,,,,,,,,,,,,3,1057,,,,,26,,,5,,,86,,,,,,,,2,,,2,,,,,,,,,,,,,,,,,,,1,,20,,,43,,,,1,,,,,
1040,9667,,,,,189,,1,,,,,,4,1,111,,,,,7,,,,,,,,,,,,1,1,,,159,1,,,,,,,,,,,,,,,10,,,,,1,,,,,,,,,,,,,,,,,,,,,,,,,,,,,,2,899,,,,,35,,,3,,,131,,,,,,,1,3,,,2,,,,,,,,,,,,,,,,,,,,,15,,,47,,,,1,,1,,1,
1047,9723,,,,,195,,,,,,1,,7,1,178,,,,,5,,,,,,,,,,,2,,,,,133,,,,,,,,,,,,,,2,1,7,,,,,,,,,,,,,,,,,,,,,,,,,,,,,,,,,,,4,791,,,,,32,,,3,,,95,,,,,,,,1,,,2,,,,,,,,,,,,,,,,,,,,,20,,,33,,,,,,,,,
1054,9779,,,,,274,,,,,,3,,7,,175,,,,,4,,,,,,,,,,,,,,,,194,,,,,,,,,,,,,,1,,3,,,,,,,,,,,2,,,,,,1,1,,,,,,,,,,,,,,,,,1,895,,,,,68,,,5,,,122,,,,,,,1,1,,,4,,,,,,,,,,,,,,,,,,,2,,20,,,41,,,,2,,,,3,
1061,9835,,,,,216,,1,,,,1,,2,,161,,,,,3,,,,,,,,,,,1,,,,,186,,,,,,,,,,,,,,1,,10,,,,,,,,,,,,,,,,,,,,1,,,,,,,,,1,,,,,,2,757,,,,,43,,,4,,,113,,1,,,,,,2,,,3,,,,,,,,,,,,,,,,,,,1,,13,,,32,,,,1,,,,,
1068,9890,,,,,173,,,,,,1,,5,1,158,,,,,6,,,,,,,,,,,1,,1,,,188,,,,,,,,,,,,,,1,,2,,,,,,,,,,,,,,,,,,,,,,,,,,,,,,,,,,,2,922,,,,,40,,,4,,,107,,1,,,,,1,,,,3,,,,,,,,,,,,,,,,,,,2,,11,,,39,,,,,,,,,
1075,9946,,,,,155,,,,,,,,5,,135,,,,,11,,,,,,,,,,,,,,,,170,,,,,,,,,,,,,,,,3,,,,,,,,,,,,,,,,,,,,,,1,,,,,,,,,,,,,5,893,,,,,44,,,3,,,77,,,,,,,,,,,2,,,,,,,,,,,,,,,,,,,1,,15,,,28,,,,,,,,1,
1082,10002,,,,,178,,,1,,,,,2,1,136,,,,,4,,,,,,,,,,,1,,,,,131,,,,,,,,,,,,,,1,,3,,,,,,,,,,,1,,,,,,,,,,,,,,,,,,,,,,,,2,818,,,,,38,,,6,,,74,,,,,,,,,,,2,,,,,,,,,,,,,,,,,,,,,15,,,35,,,,,,,,,
1089,10058,,,,,166,,,,,,1,,4,1,139,,,,,3,,,,,,,,,,,,,,,,153,,,,,,,,,,,,,,,,6,,,,,,,,,,,5,,,,,,,,,,,,1,,,,,,,,,,,,2,859,,,,,32,,,3,,,81,,,,,,,,2,,,2,,,,,,,,,,,,,,,,,,,2,,18,,,31,,,,,,,,1,
1096,10114,,,,,253,,,,,,,,4,,193,,,,,5,,,,,,,,,,,2,,2,,,198,,,,,,,,,,,,,,,,5,,,,,,,,,,,,,,,,,,,,,,,,,,,,,,,,,,,4,700,,,,,50,,,6,,,61,,,,,,,,2,,,2,,,,,,,,,,,,,,,,,,,,,17,,,51,,,,1,,,,,
1103,10170,,,,,200,,,,,,,,4,1,131,,,,,5,,,,,,,,,,,,,,,,247,,,,,,,,,,,,,,1,,1,,,,,,,,,,,1,,,,,,,,,,,,,,,,,,,,,,,,2,738,,,,,35,,,5,,,91,,,,,,,,,,,,,,,,,,,,,,,,,,,,,1,,,23,,,44,,,,1,,,,1,
1110,10226,,,,,225,,,,,,,,2,,142,,,,,6,,,,,,,,,,,,,2,,,252,,,,,,,,,,,,,,2,,4,,,,,1,,,,,,1,,,,,,,,,,,,,,,,,,,,,,,,3,770,,,,,32,,,2,,,96,,1,,1,,,,,,,6,,,,,,,,,,,,,,,,,,,2,,15,,,47,,,,,,,,1,
1117,10282,,,,,215,,,,,,1,,3,1,135,,,,,4,1,,,,,,,,,,,,1,,,282,,,,,,,,,,,,,,1,,3,,,,,,,,,,,,,,,,,,1,,,,,,,,,,,,,,,,,3,773,,,,,38,,,10,,,88,,,,,,,1,,,,2,,,,,,,1,,,,,,,,,,,,3,,22,,,45,,,,,,,,,
1123,10330,,,,,200,,,,,,,,4,,149,,,,,7,,,,,,,,,,,,,1,,,239,,,,,,,1,,,,,,,,,4,,,,,1,,,,,,2,,,,,,,,,,,,,,,,,,,,,,,,,829,,,,,55,,,4,,,97,,,,,,,1,2,,,4,,,,,,,,,1,,,,,,,,,,3,,10,,,25,,,,,,,,2,
1130,10386,,,,,168,,,,,,,,3,,146,,,,,11,,,,,,,,,,,1,,1,,,232,,,,,,,,,,,,,,2,,4,,,,,,,,,,,1,,,,,,,,,,,,,,,,,,,,,,,,1,887,,,,,29,,,6,,,94,,,,,,,1,,,,3,,,,,,,,,,,,,,,,,,,,,6,,,43,,,,,,,,,
1137,10441,,,,,139,,1,,,,,,2,,143,,,,,3,,,,,,,,,,,,,,,,148,,,,,,,,,,,,,,3,,4,,,,,,,,,,,2,,,,,,,,,,,,,,,,,,,,,,,,2,799,,,,,31,,,4,,,73,,,,,,,,,,,3,,,,,,,,,,,,,,,,,,,,,6,,,32,,,,,,,,,
1144,10497,,,,,136,,,,,,,,2,,125,,,,,3,,,,,,,,,,,,,3,,,139,,,,,,,,,,,,,,1,,3,,,,,,,,,,,1,,,,,,,,,,,,,,,,,,,,,,,,,898,,,,,24,,,5,,,59,,,,,,,,,,,6,,,,,,,,,,,,,,,,,,,,,6,,,13,,,,,,,,,
1151,10553,,,,,131,,,,,,,,1,1,140,,,,,5,,,,,,,,,,,,,2,,,203,,,,,,,,,,,,,,,,1,,,,,,,,,,,1,,,,,,,,,,,,,,,,,,,,,,,,2,950,,,,,33,,,5,,,111,,,,1,,,2,,,,2,,,,,,,,,,,,,,,,,,,,,5,,,25,,,,,,,,,
1158,10609,,,,,145,,,,,,,,,,128,,,,,3,,,,,,,,,,,,,,,,207,,,,,,,,,,,,,,,,,,,,,1,,,,,,1,,,,,,,,,,,,,,,,,,,,,,,,,914,,,,,39,,,3,,,77,,,,,,,,,,,3,,,1,,,,,,,,,,,,,,,,1,,4,,,25,,,,,,,,1,
1165,10665,,,,,154,,,,,,,,1,,135,,,1,,5,,,,,,,,,,,1,,3,,1,281,,,,,,,,,,,,,,1,,1,,,,,,,,,,,1,,,,,,,,,,,,1,,,,,,,,,,,,1,839,,,,,55,,,3,,,79,,,,,,1,1,2,1,,7,,,,,,,,,,,,,,,,,,,,,5,,,28,,,,1,,,,1,
1172,10721,,,,,145,,,,,,1,,1,,149,,,,,2,,,,,,,,,,,1,,2,,,245,,,,,,,,,,,,,,1,,3,,,,,,,,,,,2,,,,,,,,,,,,,,,,,,,,,,,,1,956,,,,,33,,,5,,,72,,,,,,,,1,,,2,,,,,,,,,,,,,,,,,,,2,,7,,,10,,,,1,,,,1,
1179,10777,,,,,84,,,,,,1,,2,1,117,,,,,3,,,,,,,,,,,,,2,,,240,,,,,,,,,,,,,,,,5,,,,,,,,,,,2,,,,,,,,,1,,,1,,,,,,,,,,,,,988,,,,,46,,,2,,,73,,,,,,,,,,,5,,,,,,,,,,,,,,,,,,,,,8,,,29,,,,,,,,,
1186,10833,,,,,54,,,,,,,,4,,182,,,,,4,,,,,,,,,,,1,,3,,,377,,,,,,,,,,,,,,,,2,,,,,2,,,,,,5,,,,,,,,,1,,,,,,,,,,,,,,,1,872,,,,,48,,,5,,,73,,,,,,,1,,,,3,,,,,,,,,,,,,,,,,,,3,,6,,,29,,,,,,,,1,
1193,10889,,,,,10,,,,,,2,,3,,202,,,,,3,,,,,,,,,,,,,2,,,369,,,,,,,,,,,,,,1,,2,,,,,,,,,,,2,,,,,,,,,,,,,,,,,,,,,,,,,1164,,,,,68,,,4,,,78,,,,,,,,2,1,,1,,,,,,,,,,,,,,,,,,,1,,,,,22,,,,2,,,,,
1200,10944,,,,,14,,,,,,1,,3,,201,,,,,4,,,1,,,,,,,,,,4,,,389,,,,,,,,,,,,,,1,,4,,,,,,,,,,,2,,,,,,,,,,,,,,,,,,,,,,,,1,933,,,,,45,,,9,,,71,,,,,,,,,,,5,,,,,,,,,,,,,,,,,,,2,,2,,,22,,,,,,,,,
1207,11000,,,,,10,,1,,,,,,3,1,209,,,1,,3,,,,,,,,,,,,,4,,,368,,,,,,,,,,,,,,2,,4,,,,,,,,,,,,,,,,,,,,,,,,,,,,,,,,,,,2,1064,,,,,53,,,5,,,51,,,,,,,1,,1,,4,,,,,,,,,,,,,,,,,,,,,1,,,23,,,,,,,,1,
1214,11049,,,,,2,,1,,,,1,,4,,292,,,,,6,,,,,,,,,,,,,,,,426,,,,,,,,,,,,,,3,1,5,,,,,,,,,,,6,,,,,,,,,,,,,,,,,,,,,,,,1,937,,,,,66,,,15,,,58,,,,,,,,1,,,14,,,,,,,,,,,,,,,,,,,1,,1,,,27,,,,,,,,,
1221,11091,,,,,4,,,,,,,,1,1,215,,,,,4,,,,,,,,,,,1,,5,,,366,,,,,,,,,,,,,,3,,5,,,,,,,,,,,3,,,,,,,,,,,,,,,,,,,,,,,,,1061,,,,,48,,,12,,,44,,,,,,,,1,1,,5,,,,,,,,,,,,,,,,,,,,,1,,,26,,,,1,,,,,
1228,11133,,,,,3,,3,,,,,,4,1,229,,,,,7,,,,,,,,,,,,,4,,,369,,,,,,,,,,,,,,1,,7,,,,,,,,,,,2,,,,,,,,,,,,,,,,,,,,,,,,,1029,,,,,42,,,6,,,39,,,,,,,,1,,,6,,,,,,,,,,,,,,,,,,,4,,1,,,20,,,,,,,,,
1238,11194,,,,,1,,,,,,1,,4,,246,,,,,10,,,,,,,,,,,3,1,6,,,265,,,,,,,,,,,,,,2,,,,,,,5,,,,,,4,,,,,,,,,,,,1,,,,,,,,,,,,,1147,,,,,41,,,21,,,13,,,,,,,1,1,,,8,,,,,,,,,,,,,,,,,,,2,,,,,23,,,,,,,,,1
1245,11236,,,,,1,,1,,,,,,6,,254,,,,,6,,,,,,,,,,,1,,6,,,245,,,,,,,,,,,,,,1,,1,,,,,,,,,,,1,,,,,,,,,,,,,,,,,,,,,,,,1,1448,,,,,71,,,22,,,11,,,,,,,2,3,,,14,,,,,,,,,,,,,,,,,,,,,,,,24,,,,,,1,,,
1252,11278,,,,,,1,2,,,,,,4,,268,,,,,,,,,,,,,,,,2,,7,,,200,,,,,,,,,,,,,,4,,,,,,,,,,,,,3,,,,,,,,,,,,1,,,,,,,,,,,,,1278,,,,,67,,,31,,,12,1,,,,,,2,1,,,9,,,,,,,,,,,,,,,,,,,1,1,,,,18,3,,,,,2,,,
1259,11320,,,,,,,1,,,,,,5,,274,,,,,3,,,,,,,,,,,1,,10,,,241,,,,,,,,,,,,,,2,1,,,,,,,,,,,,4,,,,,,,1,,,,,,,,,,,1,,,,,,1,992,,,,,58,,,20,,,8,,,,,,,,2,,,13,,,,,,,,,,,,,,,,,,,,,,,,13,2,,,,,,,,
1266,11363,,,,,,,,,,,2,,6,,242,,,,,5,1,1,,,,,,,,,,,3,,,180,,,,,,,,,,,,,,6,,,,,,,,,,,,,8,,,,,,,1,,,,,2,,,,,,,,,,,,,1394,,,,,90,,,20,,,5,,,,,,,,,,,26,,,,,,,,,,,,,,,,,,,3,,,,,17,4,,,,,,,,
1273,11405,,,,,1,,1,,,,,,1,,249,,,,,1,,,,,,,,,,,,,4,,,125,,,,,,,,,,1,,,,4,,,,,,,,,,,,,7,,,,,,,,,,,,1,,,,,,,,,,,,,1530,,,,1,54,,,33,,,5,,,,,,,,1,1,,15,,,,,,,,,,,,,,,,,,,1,,,,,10,1,,,1,,,,,
1280,11447,,,,,,,,,,,1,,4,,259,,,,,1,,,,,,,,,,,1,,1,,,100,,,,,,,,,,,,,,5,,,,,,,,,,,,,3,,,,,,,,,,,,1,,,,,,,,,,,,1,1750,,,,,74,,,21,,,4,,,,,,,3,,,,12,,,,,,,,,,,,,,,,,,,,,,,,10,,,,2,,,,,
1287,11490,,,,,,,,,,,1,,3,,292,,,,,4,,,,,,,,,,,,,,,,32,,,,,,,,,,,,,,7,,,,,,,,,,,,,7,,,,,,,,,,,,,,,,,,,,,,,,1,1287,1,,,,73,,,13,,,1,,,,,,,,1,,,9,,,,,,,,,,,,,,,,,,,,,,,,10,1,,,,,,,,
1294,11532,,,,,,,1,,,,,,3,,171,,,,,,,,,,,,,,,,,,,,,6,,,,,,,,,,,,,,4,,,,,,,,,,,,,3,,,,,,,,,,,,,,,,,,,,,,,,,560,,,,,38,,,11,,1,,,1,,,,,4,,,,9,,,,,,,,,,,,,,,,,,,,,,,,5,,,,,,,,,
1299,11562,,,,,,,,,,,,,3,1,168,,,,,2,,,,,,,,,,,,,,,,2,,,,,,,,,,,,,,4,,,,,,,,,,,,,,,,,,,,,,,,,1,,,,,,,,,,,,,555,,,,,34,,,5,,,,,,,,,,1,,,,8,,,,,,,,,,,,,,,,,,,,,,,,2,1,,,,,,,,
1304,11592,,,1,,,,,,,,,,1,,152,,,,,2,,,,,,,,,,,1,,,,,1,,,,,,,,,,,,,,2,,,,,,,,,,,,,1,,,,,,,,,,,,,,,,,,,,,,1,,,565,,,,,39,,,6,,,,,,,,,,,,,,2,,,,,,,,,,,,,,,,,,,1,,,,,,2,,,,,,,,
1309,11623,,,,,,,,,,,,,2,,174,,,,,,,,,,,,,,,,,,,,,,,,,,,,,,,,,,,4,,,,,,,,,,,,,,,,,,,,1,,,,,,,,,,,,,,,,,,545,,,,,39,,,10,,,,,,,,,,,1,,,9,,1,,,,,,,,,,,,,,,,,,,,,,3,1,,,,,,,,
1314,11653,,,,,,,,,,,1,,4,,276,,,,,1,,,,,,,,,,,1,,,,,,,,,,,,,,,,,,,8,,1,,,,,,,,,,,,,,,,,,1,,,,,,,,,,,,,,,,,,550,,,,,59,,,5,,,,1,,,,,,,,,,10,,,,,,,,,,,,,,,,,,,,,,,,1,1,,,,,,,,
1319,11683,,,,,1,,2,,,,,,4,,315,,,,,1,,,,,,,,,,,,,,,,,,,,,,,,,,,,,,3,,,,,,,,,,,,,,,,,,,,1,,,,,,,,,,,,,,,,,,530,,,,,71,,,12,,,,,,,,,,1,1,,,13,,,,,,,,,,,,,,,,,,,1,,,,,,,,,,,,,,
1324,11713,,,,,,1,2,,,,1,,1,,355,,,,,,,,,,,,,,,,,,,,,,,,,,,,,,,,,,,3,,,,,,,,,,,,,,,,,,,,,,,,,,,,,,,,,,,1,,,540,,,,,64,,,5,,,,,,,,,,1,1,,,5,,,,,,,,,,,,,,,,,,,1,,,,,,,,,,,,,,
1329,11744,,,,,1,,2,,,,1,,3,,321,,,,,,,,,,,,,,,,,,,,,,,,,,,,,,,,,,,8,,1,,,,,,,,,,,,,,,,,,3,,,,,,,,,,,,,,,,,,545,,,,,164,,,2,,,,,,,,,,,2,,,15,,,,,,,,,,,,,,,,,,,1,,,,,1,1,,,1,,,,,
1334,11774,,,,,,,,,,,4,,1,,114,,,,,,,,,,,,,,,2,,,,,,,,,,,,,,,,,,,,8,,,,,,,,,,,,,,,,,,,,3,,,,,,,,,,,,,,,,,,550,,,,,78,1,,12,,,,,,,,,,1,,,,4,,,,,,,,,,,,,,,,,,,2,,,,,1,2,,,,,,,,
1339,11804,,,1,,,,1,,,,3,,4,,203,,,,,,,,,,,,,,,,,,,,,,,,,,,,,,,,,,,3,,,,,,,,,,,,,,,,,,,,11,,,,,,,,,,,,,,,,,,525,,,,,33,,,1,,,,,,,,,,1,,,,6,,,,,,,,,,,,,,,,,,,,,,,,,1,,,,,,,,
1344,11834,,,,,,,1,,,,3,,6,,137,,,,,,,,,,,,,,,,,,,,,,,,1,,,,,,,,,,,1,,,,,,,,1,,,,,,,,,,,,23,,,,,,,,,,,,,,,,,,520,,,,,57,,,,,,,,,,,,,,1,,,4,,1,,,,,,,,,,,,,,,,,1,,,,,,,,,1,,,,,
1349,11864,,,1,,,,,,,,2,,9,,125,,1,,,,,,,,,,,,,,,,,,,,,,,,,,,,,,,,,1,,,,,,,,,,,,,,,,2,,,,14,,,,,,,,,,,,,,1,,,,670,,,,,36,,,,,,,,,,,,1,2,1,,,11,,,,,,,,,,,,,,,,,,,,,,,,,,,1,2,,,,,
1354,11895,,,,,2,,3,,,,,,23,,290,,1,,,,,,,,,,,,,,,,,,,,,,1,,,,,,,,,,,3,,,,,,,,,,,1,,,,,,,,,50,,,,,,,,1,,,,,,,,,,503,,,,,59,,,,,,,,,3,,,2,2,2,,,22,,,,,,,,,,,,,,,,,,,1,,,,,,,,,1,,,,,
1359,11925,,,2,,,,4,,,,,,24,,167,,,,,1,,,,,,,,,,,,,,,,,,,,1,,,,,,,,,,1,,,,,,,,,,,,,,,,1,,,,35,,,,,,,,2,,,,,,,,,,540,,,,,43,1,,1,,,,,,2,,,1,,4,,,10,,,,,,,,,,,,,,,,,,,1,,,,,,,,,,,,,,
1364,11955,,,,,,,2,,,,1,,31,,160,,,,,,,,,,,,,,,,,,,,,,,,2,,,1,1,,,,,,,1,,,,,,,,1,,,,,,,,3,,,,68,,1,,,,,,,,,,,,1,,,,587,,,,,75,2,,,,,1,,,,,,,3,11,,,14,,,,,,,,,,,,,,,,,,,1,,,,,,,,,,,,,,
1369,11985,,,1,,1,,2,1,,,3,,18,1,250,,,,1,,,,,,,,,,,,1,,,,,,1,,,,1,,1,,,1,,,,,,,,,,,,,,,,,,,,,,,,124,,,,,,,,,,,,,,,,,,563,,,,,54,1,,1,,,,,,,,,,1,,,,16,,,,,,,,,,1,,,,,,,,,,,,,,,1,,,,,,,,
1374,12016,,,4,,1,,5,,,,,,47,2,280,,,,,1,,,,,1,,,,,,2,,,,,1,,1,2,,,,3,,,,,,,3,,,,,1,,,3,,,,,,,,1,1,,,162,,,,,,,,,,,,,,,,,,515,,,,,111,3,,1,,,1,,,,,,,2,7,,,21,,,,,,,,,,,,,,,,,,,1,,,,,,2,,,1,,,,,
1379,12046,,,,,,,4,,,,,,21,,115,,,,,,,,,,,,,,,1,1,,,,,,,,3,,,1,2,,,,,1,,1,,,,,,,,,,,,,,,,6,1,,,119,,,,,,,,,,,,,,,,,,575,,1,,,40,,,2,,,,,,1,,,,1,1,,,13,,,,,,,,,,,,,,,,,,,1,,,,,,,,,,,,,,
1384,12076,,,,,2,,2,,,,2,,19,,187,,,,,,,,,1,,,,,,,,,,,,,,,1,,,,,,,,,,,4,,,,,,,,,,,,,,,,1,,,,43,,,,,,,,,,,,,,,,,1,540,,,,,84,,,,,,1,,,,,,,2,3,,,16,,1,,,,,,,,,,,,,,,,,5,,,,,,,,,,,,,,
1389,12106,,,1,,,,,,,,1,,16,,217,,,,,,,,,,,,,,,,,,,,,,,,,,,,1,,,,,,,3,,,,,,,,,,,,,,,,1,2,,,28,,,,,,,,,,,,,,,,,,535,,1,,,74,,,3,,,2,1,,,,,,1,1,,,12,,,,,,,,,,,,,,,,,,,2,,,,,1,,,1,1,,,,,
1394,12136,,,,,1,,,,,,,,6,,301,,,,,1,,,,,,,,,,,2,,,,,,,,,,,,,,,,,,,6,,1,,,,,,,,1,,,,,,,,,,5,,,,,,,,,,,,,,,,,,518,,1,,,66,,,12,,,,,,,,,,1,,,,8,,,,,,,,,,,,,,,,,,,1,,,,,4,,,,,,,,,
1399,12167,,,,,,,3,,,,1,,11,,265,,1,,,,,,,,,,,,,,,,,,,,,,,,,,,,,,,,,3,,1,,,,,,,,,,,,,,,,,,21,,,,,,,,,,,,,,,,,1,528,,1,,,85,,,3,,,2,1,,,,,,,4,,,13,,,,,,,,,,,,,,,,,,,3,,,,,,,,,,,,,,
1405,12203,,,,,,,4,,,,1,,26,1,164,,,,,1,,,,,,,,,,,1,,,,,,,,1,,,,,,,,,,,1,,,,,,,,,,,,,,,,2,,,,19,,,,,,,,,,,,,,,,,1,540,,,,,78,,,,,,3,,,1,,,,1,7,,,12,,,,,,,,,,,,,,,,,,,1,,,,,2,2,,,1,,,,,
1410,12233,,,,,,,5,,,,3,1,41,,154,,,1,,3,,,,,,,,,,,1,,,,,,,,,1,,,,,,,,,,2,,,,,,,,,,,,,,,,2,,,,5,,,,,,,,,,,,,,,,,2,530,,,,,91,,,,,,,,,,,,,1,,,,15,,,,,,,,,,,,,,,,,,,3,,,,,,,,,2,,,,,
1414,12257,,,,,,,2,,,,,,6,1,146,,1,,,1,,,,,,,,,,,1,,,,,,,,,,,,,,,,,,,1,,,,,,,,,,,,,,,,,,,,12,,,,,,,,,,,,,,,,,,550,,,,,68,,,,,,,,,,,,,1,3,,,10,,,,,,,,,,,,,,,,,,,,,,,,,,,,1,,,,,
1419,12287,,,1,,1,,1,,,,3,1,14,,150,,,,,2,,,,,,,,,,,1,,,,,,,,,1,,,,,,,,,,3,,,,,,,,,,,,,,,,1,,,,6,,,,,,,,,,,,,,,,,2,545,,,,,49,,,,,,1,,,1,,,,1,1,,,2,,,,,,,,,,1,,,,,,,,,2,,,,,,,,,,,,,,
1424,12318,,,1,,,,1,,,,1,,12,,357,,,,,1,,,,,,,,,,,,,,,,,,,,,,,,,,,,,,4,,,,,,,,,1,,,,,,,,1,,,4,,,,,,,,1,,,,,,,,,,474,,,,,90,,,5,,,1,,,,,,,,1,,,14,,,,,,,,,,,,,,,,,,,1,,,,,,,,,,,,,,
1429,12348,,,,,,,1,,,,1,,4,,271,,,,,,,,,,,,,,,,,,,,,,,,,,,,,,,,,,,5,,,,,,,,,,,,,,,,,,,,,,,,,,,,,,,,,,,,,,545,,1,,,55,,,1,,,,,,,,,,,,,,5,,,,,,,,,,,,,,,,,,,,,,,,,,,,,,,,,
1434,12378,,,,,1,,,,,,,,6,1,425,,1,,,,,,,,,,,,,,,,,,,,,,,,,,,,,,,,,2,,,,,,,,,,,,,,,,,,,,8,,,,,,,,,,,,,,,,,,432,,,,,46,,,4,,,,,1,,,,,1,1,,,13,,,,,,,,,,,,,,,,,,,1,,,,,,,,,,,,,,
1439,12408,,,,,,,,,,,1,,6,,468,,,,,,,,,,,,,,,,1,,,,,,,,,,,1,,,,,,,,5,,,,,,,,,,,,,,,,,,,,9,,,,,,,,,,,,,,,,,,387,,1,,,72,,,7,,,,,,1,,,,3,,,,8,,,,,,,,,,,,,,,,,,,,,,,,,,,,,,,,,
1444,12439,,,,,,,1,,,,2,,7,1,305,,,,,,,,,,,,,,,,1,,,,,1,,1,,,,,,,,,,,,7,,,,,,,,,,,,,,,,,,,,2,,,,,,,,,,,,,,,,,,560,,,,,58,,,2,,,,,,1,,,,,1,,,11,,,,,,,,,,,,,,,,,,,3,,,,,,3,,,,,,,,
1449,12469,,,,,,,,,,,,,9,,322,,,,,,,,,,,,,,,,1,,,,,,,,,,,,,,,,,,,7,,,,,,,,,,1,,,,,,,,,,4,,,,,,,,,,,,,,,,,,540,,,,,61,,,3,,,,,,,,,,1,1,,,11,,,,,,,,,,,,,,,,,,,,,,,,,2,,,,,,,,
1454,12499,,,,,1,,1,,,,1,,8,,209,,,1,,1,,,,,,,,,,,,,,,,,,,,,,,,,,,,,,8,,,,,1,,,,,,,,,,,,,,,2,,,,,,,,,,,,,,,,,,545,,1,,,47,,,1,,,1,1,,,,,,,1,,,15,,,,,,,,,,,,,,,,,,,4,,,,,,,,,,,,,,
1459,12529,,,,,,,1,,,,,,9,,125,,,,,,,,,,,,,,,,1,,,,,,,,,,,,,,,,,,,2,,,,,,,,,,,1,,,,,1,,,,1,,1,,,,,,,,,,,,,,,,565,,2,,,43,,1,1,,,1,,,,,,,,1,,,5,,,,,,,,,,,,,,,,,,,2,,,,,1,,,,,,,,,
1464,12559,,,,,,1,,,,,1,,6,,155,,1,,,,,,,,,,,,,1,,,,,,,,,,,,,,,,,,,,6,,,,,,,,,,,,,,,,,,,,6,,,,,,,,,,,,,,,,,,550,,,,,36,,,1,,,,1,,,,,,1,1,,,6,,,,,,,,,,,,,,,,,,,1,,,,,,,,,,,,,,
1471,12602,,,1,,,,1,,,,,,8,,198,,,,,1,,,,,,,,,,1,,,,,,,,,,,,,1,,,,,,,5,,,,,,,,,,,,,,,,,,,,4,,,,,,,,1,,,,,,,,,2,568,,,,,84,1,,7,,,1,,,,,,,,1,,,9,,,,,,,,,,,,,,,,,,,1,,,,,,,,,,,,,,
1476,12632,,,,,,,,,,,1,,9,,234,,,,,,,,,,,,,,,,,,,,,,,,,,,,,,,,,,,5,,,,,,,,,,1,,,,,,,,,1,4,,,,,,,,,,,,,,,,,,614,,,,,69,,,3,,,,1,,,,,,1,,,,8,,,,,,,,,,,,,,,,,,,1,,,,,1,1,,,,,,,,
1481,12662,,,,,,,,,,,1,,5,,211,,1,,1,,,,,,,,,,,,,,,,,,,,,,,,,,,,,,,1,,,,,,,,,,,,,,,,,,,,5,,,,,,,,,,,,,,,,,,675,,,,,61,1,,,,,,,,,,,,1,,,,4,,,,,,,,,,,,,,,,,,,3,,,,,,,,,1,,,,,
1486,12692,,,,,1,,,,,,,,10,,192,,,,,,,,,,,,,,,,,,,,,,,,,,,,,,,,,,,1,,,,,,,,,,,,,,,,1,,,,7,,,,,,,,,,,,,,,,,,550,,,,,41,,,3,,,1,,,,,,,1,1,,,9,,,,,,,,,,,,,,,,,,,1,,,,,,1,,,,,,,,
1491,12723,,,,,,,,,,,3,,12,,217,,,1,,,,,,,,,,,,,,,,,,,,,,,,,,,,,,,,7,,,,,,,,1,,,,,,,,,,,,11,,,,,,,,,,,,,,,,,,565,,,,,50,,,,,,1,,,,,,,,2,,,23,,,,,,,,,,,,,,,,,,,4,,,,,1,1,,,,,,,,
1496,12753,,,,,,,1,,,,2,,3,,185,,,,,,,,,,,,,,,,,,,,,,,,,,1,,,,,,,,,4,,,,,,,,,,,,,,,,,,,,7,,,,,,,,,,,,,,,,,,540,,,,,27,,,3,,,1,,,,,,,1,1,,,7,,,,,,,,,,,,,,,,,,,2,,,,,,1,,,,,,,,
1501,12783,,,,,,,,,,,1,,11,,254,,,,,,,,,,,,,,,,,,,,,,,,1,,,,,,,,,,,1,,,,,,,,1,,,,,,,,,,,,6,,,,,,,,,,,,,,,,1,,550,,,,,37,,,5,,,,,,,,,,1,,,,14,,,,,,,,,,,,,,,,,,,1,,,,,,,,,,,,,,
1506,12813,,,,,1,,,,,,1,,5,,119,,,,,,,,,,,,,,,,,,,,,,,,,,,,,,,,,,,2,,,,,,,,,,1,,,,,,,,,,8,,,,,,,,,,,,,,,,,,545,,1,,,37,1,,1,,,,,,,,,,1,1,,,5,,,,1,,,,,,,,,,,,,,,,,,,,,1,,,,,,,,
1511,12843,,,,,,,,,,,1,,8,,171,,,,,,,,,,,,,,,,,,,,,,,,,,,1,,,,,,,,3,,,,,,,,,,,,,,,,,,,,4,,,,,,,,1,,,,,,,,,,521,,1,,,40,1,,4,,,,,,,,,,,,,,9,,,,,,,,,,,,,,,,,,,2,,,,,,3,,,,,,,,
1514,12862,,,,,,,1,,,,1,,10,1,171,,,,,1,1,,,,,,,,1,,,,,,,,,,,,,,,,,,,,,4,,,,,,,,,,,,,,,,,,,,9,,,,,,,,,,,,,,,,,,557,,,,,70,1,,1,,,1,,1,,,,1,,,,,7,,,,,,,,,,,,,,,,,,,1,,,,,,,,,,,,,,
1520,12900,,,,,,,1,,,,1,,7,,323,,,,,,1,,,,,,,,,,,,,,,,,,1,,,,,,,,,,,7,,,,,,,,,,1,,,,,,,,,,4,,,,,,,,,,,,,,,,,,545,,,,,68,1,,3,,,,,,,,,,2,,,,8,,,,,,,,,,,,,,,,,,,2,,,,,,,,,,,,,,
1524,12922,,,,,,,,,,,2,,6,,155,,,,,2,,,,,,,,,,,,,,,,,,,,,,,,,,,,,,4,,,,,,,,,,,,,,,,,,,,4,,,,,,,,,,,,,,1,,,,540,,,,,48,1,,3,,,1,,,,,,,1,,,,6,,,,,,,,,,,,,,,,,,,1,,,,,,1,,,,,,,,
